fullName,scoreName,team,innings,batAvg,batSR,careerBalls,bowlAvg,bowlEcon,bowlSR,batHand,bowlType
0,Mohammad Ebrahim Sanuth,ME Sanuth,OMAN,1,5.00,71.42,1189.0,52.61,4.77,66.0,Left-hand bat,Right-arm offbreak
1,Aamer Ikram,Aamer Ikram,PORT,4,14.50,79.45,2081.0,22.71,2.55,53.3,-,-
2,Aamer Yamin,Aamer Yamin,PAK,1,-,250.00,5011.0,35.82,3.38,63.4,Right-hand bat,Right-arm medium
3,Syed Aamir Kaleem,Aamir Kaleem,OMAN,23,18.78,110.18,450.0,46.33,3.70,75.0,Left-hand bat,Slow left-arm orthodox
4,Aarif Sheikh,Aarif Sheikh,NEPAL,12,20.90,106.09,3015.0,59.75,3.32,107.6,Right-hand bat,Right-arm medium
5,Aaron Jones,Aaron Jones,USA,7,20.25,100.00,6892.000000000001,29.39,2.53,69.6,Right-hand bat,Legbreak googly
6,Zain Abbasi,Z Abbasi,Botsw,1,1.00,20.00,-,-,-,-,-,-
7,Abbas Saad Abdullah Alnadwi,Abbas Saad,Saudi,2,4.00,100.00,528.0,123.66,4.21,176.0,Right-hand bat,Legbreak googly
8,Kyle John Abbott,KJ Abbott,SA,6,11.50,115.00,1394.0,32.45,3.35,58.0,Right-hand bat,Right-arm fast-medium
9,Sean Anthony Abbott,SA Abbott,AUS,1,5.00,62.50,166.0,16.33,3.54,27.6,Right-hand bat,Right-arm fast-medium
10,Mohamed Abdulla,M Abdulla,MWI,5,37.33,112.00,190.0,17.50,3.31,31.6,Right-hand bat,Right-arm medium
11,Yusuf Adam Abdulla,YA Abdulla,SA,-,-,-,99.99999999999999,-,3.24,-,Left-hand bat,Left-arm fast-medium
12,Abdullah Akbarjan,Abdullah Akbarjan,Aut,1,29.00,170.58,2441.0,35.97,3.53,61.0,Left-hand bat,Slow left-arm orthodox
13,Abdullah Shaheen Mahmood,Abdullah Mahmood,DEN,1,2.00,100.00,-,-,-,-,Right-hand bat,Right-arm offbreak
14,Abdullah Sheikh,Abdullah Sheikh,NOR,2,6.50,72.22,-,-,-,-,Right-hand bat,Legbreak
15,Abdul-Shakoor Rahimzei,Abdul-Shakoor Rahimzei,GER,7,17.00,118.60,344.0,47.40,4.13,68.8,Right-hand bat,Right-arm offbreak
16,Abdul Majid Malik,Abdul Majid,BHR,3,15.00,115.38,54.0,49.00,5.44,54.0,Left-hand bat,Slow left-arm orthodox
17,Abdul Rahman Miralikhel,Abdul Rahman,Aut,-,-,-,874.0,45.55,2.81,97.1,Right-hand bat,Right-arm medium
18,Abdul Rashid Karim Dostikhel,Abdul Rashid,Belg,1,9.00,37.50,3158.9999999999995,52.83,3.71,85.3,Right-hand bat,-
19,Abdul Razzaq,Abdul Razzaq,PAK,29,20.68,116.61,-,-,-,-,Right-hand bat,Right-arm fast-medium
20,Sher Muhammad Abdul Shakoor,Abdul Shakoor,UAE,4,17.50,87.50,48.0,-,3.50,-,Right-hand bat,-
21,Abdul Shakoor,Abdul Shakoor,ROM,1,0.00,0.00,1200.0,31.90,3.19,60.0,Right-hand bat,Right-arm medium-fast
22,Abdul Waheed,Abdul Waheed,Saudi,3,32.00,160.00,-,-,-,-,Right-hand bat,Right-arm offbreak
23,Abdul Wahid,Abdul Wahid,Saudi,5,10.75,95.55,261.0,-,5.08,-,Right-hand bat,Right-arm medium
24,Abdur Rauf Khan,Abdur Rauf,PAK,-,-,-,216.0,27.20,3.77,43.2,Right-hand bat,Right-arm fast-medium
25,Abdur Razzak,Abdur Razzak,BDESH,20,4.10,55.40,10972.0,36.59,3.62,60.6,Left-hand bat,Slow left-arm orthodox
26,Abdur Rehman,Abdur Rehman,PAK,5,11.00,75.86,1103.0,118.16,3.85,183.8,Left-hand bat,Slow left-arm orthodox
27,Abiodun Stephen Abioye,AS Abioye,NGA,1,-,-,1015.9999999999999,60.55,3.21,112.8,Right-hand bat,Right-arm medium
28,Isaac Kofi Otuafo Aboagye,IKO Aboagye,Ghana,4,4.00,43.24,-,-,-,-,Right-hand bat,Right-arm medium
29,Michael Aboagye,M Aboagye,Ghana,3,23.50,88.67,-,-,-,-,Right-hand bat,Legbreak
30,Rasheed Ayomide Abolarin,RA Abolarin,NGA,-,-,-,-,-,-,-,Right-hand bat,Right-arm medium-fast
31,Muhammad Abraash Khan,Abraash Khan,CAN,4,16.50,110.00,150.0,105.00,4.20,150.0,Right-hand bat,Right-arm medium
32,Abrar Bilal,Abrar Bilal,Aut,3,27.50,127.90,198.0,149.00,4.51,198.0,Right-hand bat,-
33,Mohammed Abul Hasan,Abul Hasan,BDESH,2,7.00,127.27,185.0,13.16,2.56,30.8,Left-hand bat,Right-arm medium-fast
34,Abu Hider Rony,Abu Hider,BDESH,5,58.00,134.88,54.0,-,4.11,-,Right-hand bat,Left-arm fast-medium
35,Abu Jayed Chowdhury,Abu Jayed,BDESH,2,1.50,42.85,-,-,-,-,Right-hand bat,Right-arm fast-medium
36,Aahan Gopinath Achar,AG Achar,SGP,2,-,100.00,1302.0,41.18,3.03,81.3,Left-hand bat,Slow left-arm orthodox
37,Fred Achelam,F Achelam,UGA,3,12.00,48.00,33085.0,26.80,2.86,56.1,Right-hand bat,-
38,Colin Niel Ackermann,CN Ackermann,NL,11,30.37,123.97,408.0,55.00,4.04,81.6,Right-hand bat,Right-arm offbreak
39,Mark Richard Adair,MR Adair,IRE,15,14.36,124.40,348.0,-,5.29,-,Right-hand bat,Right-arm fast
40,Andre Ryan Adams,AR Adams,NZ,2,13.00,108.33,-,-,-,-,Right-hand bat,Right-arm fast-medium
41,Abdul Wahab Hashmi,Abdul Hashmi,DEN,5,17.50,106.06,1957.0000000000002,28.91,3.01,57.5,Right-hand bat,-
42,Joseph Oluwasesan Adedeji,S Adedeji,NGA,6,22.25,78.07,66.0,24.00,2.18,66.0,Right-hand bat,Right-arm offbreak
43,Adel Kolasangiani,Adel Kolasangiani,Iran,1,-,50.00,1008.0,62.88,3.36,112.0,Right-hand bat,Right-arm medium
44,Vincent Dimeji Adewoye,VD Adewoye,NGA,6,11.75,111.90,338.0,42.00,2.98,84.5,-,-
45,Adil Butt,Adil Butt,Saudi,2,8.00,80.00,252.0,54.00,2.57,126.0,Right-hand bat,Right-arm medium
46,Muhammad Adil Hanif,Adil Hanif,BHR,2,12.00,104.34,298.0,86.00,3.46,149.0,Right-hand bat,Right-arm offbreak
47,Adnan Idrees,Adnan Idrees,KUW,6,43.16,164.96,12.0,-,8.00,-,Right-hand bat,Right-arm offbreak
48,Adnan Ilyas,Adnan Ilyas,OMAN,11,23.45,118.34,19586.0,25.43,2.84,53.6,Right-hand bat,Right-arm medium
49,Adnan Mufti,Adnan Mufti,UAE,1,-,85.71,-,-,-,-,Left-hand bat,Right-arm medium
50,Nikhil Advani,N Advani,GIBR,1,2.00,50.00,2075.0,35.63,2.26,94.3,Right-hand bat,Right-arm offbreak
51,Afif Hossain Dhrubo,Afif Hossain,BDESH,9,12.55,121.50,667.0,52.57,3.31,95.2,Left-hand bat,Right-arm offbreak
52,Afsar Khan Zazai,Afsar Zazai,AFG,1,9.00,42.85,-,-,-,-,Right-hand bat,-
53,Aftab Ahmed Chowdhury,Aftab Ahmed,BDESH,11,22.80,128.08,-,-,-,-,Right-hand bat,Right-arm medium
54,Aftab Ahmed,Aftab Ahmed,2),1,10.00,76.92,326.0,51.66,2.85,108.6,Right-hand bat,Right-arm medium
55,Aftab Alam,Aftab Alam,AFG,5,1.00,22.22,853.9999999999999,76.37,4.29,106.7,Right-hand bat,Right-arm medium-fast
56,Aftab Hussain,Aftab Hussain,HKG,2,-,150.00,204.0,21.25,2.50,51.0,Right-hand bat,Slow left-arm orthodox
57,Ragheb Gul Aga,RG Aga,KENYA,18,13.31,108.67,-,-,-,-,Right-hand bat,Right-arm medium-fast
58,Ashton Charles Agar,AC Agar,AUS,10,14.85,110.63,48.0,-,2.12,-,Left-hand bat,Slow left-arm orthodox
59,Ajit Bhalchandra Agarkar,AB Agarkar,INDIA,2,7.50,136.36,-,-,-,-,Right-hand bat,Right-arm fast
60,George Joseph Agius,GJ Agius,MALTA,2,1.50,20.00,366.0,67.66,3.32,122.0,Right-hand bat,Right-arm fast
61,Pratik Agnihotri,P Agnihotri,NOR,2,12.50,69.44,-,-,-,-,Right-hand bat,-
62,Saif Ali Ahmad,SA Ahmad,DEN,3,23.00,85.18,-,-,-,-,Left-hand bat,Right-arm offbreak
63,Agagyul Ahmadhel,A Ahmadhel,,2,8.00,100.00,660.0,79.00,3.59,132.0,Right-hand bat,Right-arm medium
64,Khaleel Khursheed Ahmed,KK Ahmed,INDIA,1,-,100.00,1755.9999999999998,37.18,3.43,65.0,Right-hand bat,Left-arm medium
65,Rahil Izhar Ahmed,RI Ahmed,NL,2,19.00,76.00,6.0,-,8.00,-,Right-hand bat,-
66,Ahmed Ibrahim Raid,Ahmed Raid,Mald,-,-,-,612.0,114.33,3.36,204.0,Right-hand bat,Slow left-arm orthodox
67,Ahmed Faiz Mohammad Noor,Ahmed Faiz,MAL,17,27.25,116.89,12.0,-,2.50,-,Right-hand bat,Legbreak
68,Ahmed Hassan,Ahmed Hassan,Mald,10,18.90,98.43,-,-,-,-,Right-hand bat,Right-arm offbreak
69,Ahmed Raza,Ahmed Raza,UAE,16,11.00,76.15,1026.0,34.62,3.23,64.1,Right-hand bat,Slow left-arm orthodox
70,Ahmed Shehzad,Ahmed Shehzad,PAK,59,25.80,114.74,426.0,53.75,3.02,106.5,Right-hand bat,Legbreak
71,Ahmed Wardak,Ahmed Wardak,GER,4,13.50,71.05,762.0,49.00,2.70,108.8,Right-hand bat,Left-arm medium
72,Ahsan Ali Abbasi,Ahsan Abbasi,HKG,6,13.33,91.95,2401.0,48.82,3.41,85.7,Right-hand bat,Right-arm offbreak
73,Ahsan Ali,Ahsan Ali,PAK,2,18.00,92.30,6.0,-,4.00,-,Right-hand bat,Legbreak
74,Malik Ahsan Ahmad Jamil,Ahsan Malik,NL,8,9.33,93.33,1713.9999999999998,60.93,3.19,114.2,Right-hand bat,Right-arm medium-fast
75,Kaushal Kumar Ahuja,KK Ahuja,Mex,7,4.00,56.00,-,-,-,-,Right-hand bat,Right-arm medium
76,Ainool Hafizs Yatim,Ainool Hafizs,MAL,3,13.66,105.12,96.0,61.00,3.81,96.0,Right-hand bat,Right-arm medium
77,Ainool Haqqiem Bin Md. Yatim,Ainool Haqqiem,MAL,2,20.00,100.00,-,-,-,-,Right-hand bat,-
78,Dipendra Singh Airee,DS Airee,NEPAL,18,20.62,107.14,406.00000000000006,59.33,2.63,135.3,Right-hand bat,"Right-arm medium, Right-arm offbreak"
79,Pradeep Singh Airee,PS Airee,NEPAL,11,7.90,93.54,108.0,76.00,4.22,108.0,Right-hand bat,Right-arm medium
80,Aizaz Mohammad Khan,Aizaz Khan,HKG,34,14.00,108.33,-,-,-,-,Right-hand bat,Right-arm medium-fast
81,Aizaz Bin Ilyas Cheema,Aizaz Cheema,PAK,1,-,0.00,7320.999999999999,39.10,2.78,84.1,Right-hand bat,Right-arm medium-fast
82,Daniel Ajekun,D Ajekun,NGA,6,9.16,67.90,90.0,-,3.13,-,Right-hand bat,Right-arm offbreak
83,Chima Moses Akachukwu,CM Akachukwu,NGA,5,7.00,93.33,258.0,46.25,4.30,64.5,Right-hand bat,Right-arm medium
84,Frank Akankwasa,F Akankwasa,UGA,3,31.66,179.24,78.0,92.00,7.07,78.0,Right-hand bat,Right-arm offbreak
85,Cengiz Akyüz,C Akyuz,TKY,1,0.00,0.00,1259.0,33.43,2.54,78.6,Right-hand bat,-
86,Graeme William Aldridge,GW Aldridge,NZ,-,-,-,3716.0000000000005,40.19,3.69,65.1,Right-hand bat,Right-arm fast-medium
87,Adam Dale Algar,AD Algar,ESP,-,-,-,2557.0,29.57,3.40,52.1,Right-hand bat,Right-arm offbreak
88,Moeen Munir Ali,MM Ali,ENG,25,15.77,131.48,558.0,28.00,3.01,55.8,Left-hand bat,Right-arm offbreak
89,Ali Mohamed Ivan,Ali Ivan,Mald,1,11.00,28.20,1174.0,26.50,2.16,73.3,Right-hand bat,Right-arm offbreak
90,Syed Ali Abbas,Ali Abbas,Saudi,1,-,100.00,438.0,48.50,3.98,73.0,Right-hand bat,Right-arm medium
91,Syed Ali Naqi,Ali Naqi,PORT,1,-,-,450.0,86.00,3.44,150.0,-,-
92,Ali Mohammadipour Narouei,Ali Mohammadipour,Iran,3,20.50,93.18,1934.0,30.64,3.23,56.8,Right-hand bat,-
93,Duncan Iain Allan,DI Allan,KENYA,10,8.60,63.70,8067.0,37.17,3.23,68.9,Right-hand bat,Right-arm medium-fast
94,Fabian Anthony Allen,FA Allen,WI,10,9.57,113.55,552.0,56.66,3.69,92.0,Right-hand bat,Slow left-arm orthodox
95,Jaimin Allen,J Allen,,2,1.00,25.00,114.0,-,3.73,-,Right-hand bat,Right-arm medium-fast
96,Timroy Patrick Allen,TP Allen,USA,3,13.50,158.82,324.0,97.00,3.59,162.0,Right-hand bat,"Right-arm fast-medium, Right-arm offbreak"
97,Alok Kapali,Alok Kapali,BDESH,7,11.40,67.05,3173.0,37.05,3.71,59.8,Right-hand bat,Legbreak
98,Hasan Sabit Alta,HS Alta,TKY,4,0.33,10.00,18.0,-,4.33,-,Right-hand bat,Right-arm medium-fast
99,Al-Amin Hossain,Al-Amin Hossain,BDESH,6,3.50,58.33,6849.0,47.64,3.17,90.1,Right-hand bat,Right-arm medium-fast
100,Timothy Raymond Ambrose,TR Ambrose,ENG,-,-,-,2401.0,25.92,3.23,48.0,Right-hand bat,-
101,Ahmed Ameel Mauroof,Ameel Mauroof,Mald,10,9.80,72.05,3372.0,22.09,3.41,38.7,Left-hand bat,Left-arm fast-medium
102,Ameer Saiyed,Ameer Saiyed,Botsw,3,12.66,80.85,434.0,290.00,4.00,434.0,Left-hand bat,Slow left-arm orthodox
103,Charles Jordan Alewa Amini,CJA Amini,PNG,18,26.92,116.35,78.0,20.50,6.30,19.5,Left-hand bat,Legbreak
104,Aminul Islam Biplob,Aminul Islam,BDESH,4,22.00,122.22,1017.0000000000001,33.70,3.38,59.8,Right-hand bat,Legbreak googly
105,Syed Amir Ali,Amir Ali,OMAN,8,19.40,149.23,8.0,6.00,4.50,8.0,Right-hand bat,Right-arm offbreak
106,Amir Hayat,Amir Hayat,UAE,2,1.50,50.00,14874.0,27.65,2.97,55.7,Right-hand bat,Right-arm medium
107,Amir Hamza Hotak,Amir Hamza,AFG,9,10.00,105.26,4984.0,38.83,3.36,69.2,Right-hand bat,Slow left-arm orthodox
108,Amir Khan Mangal,Amir Mangal,GER,10,20.28,156.04,1110.0,42.08,2.72,92.5,Right-hand bat,Right-arm offbreak
109,Amjad Ali,Amjad Ali,UAE,5,10.50,80.76,252.0,124.00,2.95,252.0,Left-hand bat,Legbreak
110,Amjad Javed,Amjad Javed,UAE,18,18.06,111.98,1021.0,60.00,3.17,113.4,Right-hand bat,Right-arm medium
111,Amjad Gul Khan,Amjad Khan,UAE,3,9.33,93.33,408.0,242.00,3.55,408.0,Right-hand bat,Legbreak
112,Amjad Mahboob,Amjad Mahboob,SGP,6,0.75,21.42,1940.0,57.94,3.22,107.7,Right-hand bat,Right-arm medium
113,Amjad Sher,Amjad Sher,Fin,5,11.20,155.55,6466.000000000001,39.83,3.17,75.1,Right-hand bat,Right-arm medium
114,Hashim Mahomed Amla,HM Amla,SA/World,44,33.60,132.05,6.0,-,2.00,-,Right-hand bat,"Right-arm medium, Right-arm offbreak"
115,Ammad Uddin,Ammad Uddin,BHR,8,29.33,187.23,188.0,67.50,4.30,94.0,Right-hand bat,Right-arm offbreak
116,Mohammad Anamul Haque Bijoy,Anamul Haque,BDESH,13,32.27,117.94,450.0,85.00,2.26,225.0,Right-hand bat,-
117,Anam Ahmed Mollik,Anam Mollik,ITA,1,9.00,90.00,4674.0,32.73,3.02,64.9,Right-hand bat,Legbreak
118,Anasim Khan,Anasim Khan,BHR,6,10.20,98.07,28367.0,28.30,2.95,57.5,Right-hand bat,Right-arm fast-medium
119,Anas Khan,Anas Khan,HKG,1,-,75.00,-,-,-,-,Left-hand bat,Slow left-arm orthodox
120,Corey James Anderson,CJ Anderson,NZ,24,24.25,138.17,-,-,-,-,Left-hand bat,Left-arm medium-fast
121,John Anderson,J Anderson,IRE,2,6.00,66.66,-,-,-,-,Right-hand bat,Right-arm offbreak
122,James Michael Anderson,JM Anderson,ENG,4,1.00,50.00,66.0,52.00,4.72,66.0,Left-hand bat,Right-arm fast-medium
123,Daniel Kwabena Anefie,DK Anefie,Ghana,4,17.00,89.47,3080.9999999999995,20.33,2.69,45.3,Right-hand bat,Right-arm medium
124,Alexandros Anemogiannis,A Anemogiannis,,-,-,-,-,-,-,-,Right-hand bat,Right-arm medium
125,Bruno Angeltti,B Angeltti,Arg,1,1.00,25.00,-,-,-,-,Right-hand bat,Right-arm offbreak
126,Anique Uddin,Anique Uddin,DEN,6,10.66,81.01,-,-,-,-,Right-hand bat,Right-arm offbreak
127,Revanakumar Ankad,R Ankad,Mex,7,17.00,94.44,569.0,31.00,3.92,47.4,Right-hand bat,Right-arm medium
128,David Ni Ashong Ankrah,DNA Ankrah,Ghana,3,7.33,51.16,1368.0,36.83,3.87,57.0,Right-hand bat,Right-arm medium
129,Md Anowarul Islam,Anowarul Islam,THAI,4,3.75,75.00,-,-,-,-,-,-
130,Munis S Ansari,M Ansari,OMAN,4,-,50.00,4929.0,31.74,3.51,54.1,Right-hand bat,Right-arm fast-medium
131,Ansar Iqbal,Ansar Iqbal,NOR,4,16.00,88.88,2317.0,30.10,3.66,49.2,Right-hand bat,Right-arm medium
132,Anshuman Rath,Anshuman Rath,HKG,19,18.88,93.31,143.0,39.33,4.95,47.6,Left-hand bat,Slow left-arm orthodox
133,Ansh Tandon,Ansh Tandon,UAE,1,14.00,155.55,-,-,-,-,Left-hand bat,Right-arm medium-fast
134,Anwar Ali,Anwar Ali,PAK,11,15.57,141.55,61.0,-,2.95,-,Right-hand bat,Right-arm medium-fast
135,Mohammad Anwar Arudin,Anwar Arudin,MAL,17,9.88,94.91,-,-,-,-,Left-hand bat,Right-arm medium-fast
136,Muhammad Anwar A Rahman,Anwar Rahman,MAL,4,1.66,62.50,-,-,-,-,Right-hand bat,Slow left-arm orthodox
137,Aphsal Ashraf,Aphsal Ashraf,KUW,3,26.50,165.62,-,-,-,-,Left-hand bat,-
138,Malmeege Amila Aponso,MA Aponso,SL,1,0.00,0.00,54.0,-,3.44,-,Right-hand bat,Slow left-arm orthodox
139,Apon Mustafizur,Apon Mustafizur,Serb,2,5.50,39.28,192.0,43.00,4.03,64.0,Right-hand bat,Right-arm medium
140,Sujesh Appu,S Appu,MALTA,4,2.66,57.14,-,-,-,-,Right-hand bat,Right-arm medium
141,Aqib Javed Iqbal,Aqib Iqbal,Aut,1,6.00,100.00,1391.0,41.00,4.24,57.9,Right-hand bat,Right-arm medium
142,Aqib Ilyas Sulehri,Aqib Ilyas,OMAN,22,22.66,114.60,1843.0000000000002,49.80,3.40,87.7,Right-hand bat,"Right-arm offbreak, Legbreak googly"
143,Samuel Aquilina,SE Aquilina,MALTA,4,5.50,73.33,354.0,62.00,3.15,118.0,Right-hand bat,-
144,Shameera Arachchige,S Arachchige,ITA,1,0.00,0.00,-,-,-,-,Right-hand bat,Right-arm offbreak
145,Arafat Sunny,Arafat Sunny,BDESH,6,11.33,113.33,-,-,-,-,Left-hand bat,Slow left-arm orthodox
146,Sreenath Aravind,S Aravind,INDIA,-,-,-,18.0,-,4.00,-,Left-hand bat,Left-arm medium-fast
147,Vriitya Aravind,V Aravind,UAE,2,9.50,70.37,4838.0,40.86,3.44,71.1,Right-hand bat,-
148,Jofra Chioke Archer,JC Archer,ENG,-,-,-,1695.0,27.62,2.34,70.6,Right-hand bat,Right-arm fast
149,Areeb Abdul Quadir,Areeb Quadir,Fin,1,2.00,16.66,-,-,-,-,-,-
150,Ariful Haque,Ariful Haque,BDESH,8,14.75,96.72,492.0,38.57,3.29,70.2,Right-hand bat,Right-arm medium-fast
151,Zephania Arinaitwe,Z Arinaitwe,UGA,6,8.33,83.33,246.0,162.00,3.95,246.0,Right-hand bat,Right-arm offbreak
152,Aritra Dutta,Aritra Dutta,SGP,8,14.50,101.75,1806.0,46.00,3.20,86.0,Right-hand bat,-
153,Russel Premakumaran Arnold,RP Arnold,SL,1,7.00,100.00,342.0,62.66,3.29,114.0,Left-hand bat,Right-arm offbreak
154,Bikram Arora,B Arora,MALTA,4,16.00,100.00,248.00000000000003,37.66,2.73,82.6,Right-hand bat,Legbreak
155,Puneet Arora,P Arora,Mex,2,9.00,225.00,-,-,-,-,Right-hand bat,Right-arm medium
156,Pedro Arrighi,P Arrighi,Arg,4,4.00,34.78,5146.0,23.86,2.61,54.7,Right-hand bat,Right-arm medium
157,Arsalan Arif,Arsalan Arif,Aut,1,-,236.36,2435.0,38.19,2.91,78.5,Right-hand bat,-
158,Arsalan Qadir,Arsalan Qadir,CAN,-,-,-,174.0,15.00,2.06,43.5,Right-hand bat,Right-arm fast-medium
159,Arshad Hayat,Arshad Hayat,CZK-R,2,1.00,28.57,1905.0,59.88,3.20,112.0,Right-hand bat,Right-arm medium
160,Arshad Mazarzei,Arshad Mazarzei,Iran,3,2.33,17.50,6286.000000000001,33.76,3.15,64.1,Right-hand bat,-
161,Arslan Ahmed,Arslan Ahmed,PORT,3,4.00,37.50,6091.0,31.46,2.85,66.2,Right-hand bat,-
162,Arslan Ahmed,Arslan Ahmed,,1,5.00,38.46,-,-,-,-,Right-hand bat,Right-arm medium
163,Aryaman Sunil Uchil,U Aryaman Sunil,SGP,4,9.25,154.16,18.0,7.00,2.33,18.0,Right-hand bat,Right-arm medium-fast
164,Asad Ali,Asad Ali,PAK,-,-,-,12.0,-,8.00,-,Right-hand bat,Right-arm medium-fast
165,Asad Mohammad,Asad Mohammad,GER,4,4.00,100.00,648.0,37.83,2.10,108.0,Right-hand bat,Right-arm medium
166,Asad Shafiq,Asad Shafiq,PAK,10,19.20,103.78,1056.0,41.76,3.08,81.2,Right-hand bat,Right-arm offbreak
167,Mohammad Asghar Afghan,Asghar Afghan,AFG,63,21.15,107.58,807.0000000000001,29.15,2.81,62.0,Right-hand bat,Right-arm medium-fast
168,Mohammad Ashfaq Ahmed,Ashfaq Ahmed,UAE,12,19.83,128.64,276.0,98.00,4.26,138.0,Right-hand bat,Right-arm offbreak
169,Ashiqullah Said,Ashiqullah Said,Belg,1,0.00,0.00,-,-,-,-,Right-hand bat,Right-arm fast
170,Arun Ashokan,A Ashokan,CZK-R,2,20.50,141.37,-,-,-,-,Right-hand bat,Right-arm medium
171,Ravichandran Ashwin,R Ashwin,INDIA,11,30.75,106.95,3668.9999999999995,46.52,3.80,73.3,Right-hand bat,Right-arm offbreak
172,Asif Ali,Asif Ali,PAK,24,18.38,128.29,288.0,193.00,4.02,288.0,Right-hand bat,Right-arm medium-fast
173,Mohammed Nowfer Mohomad Aslam,MNM Aslam,KUW,7,26.80,100.75,-,-,-,-,Right-hand bat,Left-arm slow
174,Aslam Mohammad,Aslam Mohammad,,1,7.00,87.50,-,-,-,-,-,-
175,Alexandros Aspiotis,A Aspiotis,,1,-,75.00,4214.0,45.68,3.70,73.9,Right-hand bat,Right-arm medium
176,Asrar Ahmed,Asrar Ahmed,,1,25.00,92.59,684.0,26.80,2.35,68.4,Right-hand bat,Legbreak
177,Nathan John Astle,NJ Astle,NZ,4,24.66,110.44,2854.0,31.91,2.41,79.2,Right-hand bat,Right-arm medium
178,Todd Duncan Astle,TD Astle,NZ,2,2.00,40.00,84.0,54.00,3.85,84.0,Right-hand bat,Legbreak
179,Simon Kwalahu Atai,SK Atai,PNG,1,0.00,0.00,-,-,-,-,Left-hand bat,-
180,Marvan Samson Atapattu,MS Atapattu,SL,1,5.00,62.50,-,-,-,-,Right-hand bat,Legbreak
181,Simon Ateak,S Ateak,Ghana,3,15.00,93.75,1976.0,40.14,3.29,73.1,Right-hand bat,Right-arm offbreak
182,Vincent Ateak,V Ateak,Ghana,1,-,50.00,6761.0,21.82,2.76,47.2,Left-hand bat,Slow left-arm orthodox
183,Atif Ali Khan,Atif Ali Khan,UAE,-,-,-,2326.0,31.82,3.28,58.1,Right-hand bat,Left-arm medium
184,Atif Kamal,Atif Kamal,LUX,3,3.66,61.11,396.0,100.00,3.03,198.0,Right-hand bat,Right-arm medium-fast
185,Atif Ali Mehmood,Atif Mehmood,ESP,2,-,62.50,438.0,49.80,3.41,87.6,Right-hand bat,Left-arm medium-fast
186,James John Atkinson,JJ Atkinson,HKG,16,22.07,111.55,1385.0,24.81,3.54,41.9,Right-hand bat,-
187,Maninderjit Singh Aulakh,MS Aulakh,CAN,1,0.00,0.00,17151.0,34.49,3.10,66.7,Right-hand bat,Right-arm fast-medium
188,Richard Avery,R Avery,,3,3.33,41.66,48.0,-,3.50,-,Right-hand bat,Right-arm medium
189,Avi Dixit,Avi Dixit,SGP,1,-,150.00,-,-,-,-,Right-hand bat,Right-arm medium-fast
190,Awais Ahmed,Awais Ahmed,ESP,6,41.25,117.02,252.0,23.40,2.78,50.4,Right-hand bat,-
191,Mohammed Awais Malik,Awais Malik,QAT,7,2.42,62.96,526.0,42.57,3.39,75.1,Right-hand bat,Right-arm medium
192,Awais Zia,Awais Zia,PAK,5,14.00,87.50,1116.0,61.54,3.63,101.4,Left-hand bat,Right-arm offbreak
193,Parvinder Awana,P Awana,INDIA,-,-,-,102.0,-,4.35,-,Right-hand bat,Right-arm medium
194,Abiola Joshua Ayannaike,AJ Ayannaike,NGA,3,14.66,102.32,216.0,30.66,2.55,72.0,Right-hand bat,-
195,Aziz Mohammad Babakrkhail,Aziz Mohammad,Belg,3,9.50,76.00,3683.0,31.63,2.42,78.3,Right-hand bat,Right-arm fast-medium
196,Yoosuf Azyan Farhath,Azyan Farhath,Mald,2,24.00,109.09,-,-,-,-,Right-hand bat,Right-arm medium
197,Frank Baaleri,F Baaleri,Ghana,4,10.50,70.00,448.00000000000006,30.77,3.70,49.7,Right-hand bat,-
198,Stephan Julian Baard,SJ Baard,NAM,13,35.18,126.88,390.0,109.50,3.36,195.0,Right-hand bat,Right-arm medium-fast
199,Babar Ali,Babar Ali,BHR,1,-,100.00,1503.0,29.70,2.84,62.6,Left-hand bat,Slow left-arm orthodox
fullName,scoreName,team,innings,batAvg,batSR,careerBalls,bowlAvg,bowlEcon,bowlSR,batHand,bowlType
0,Mohammad Babar Azam,Babar Azam,PAK,38,50.72,128.13,1957.0000000000002,51.95,3.34,93.1,Right-hand bat,Right-arm offbreak
1,Babar Hayat,Babar Hayat,HKG,24,27.05,124.94,279.0,58.50,2.51,139.5,Right-hand bat,Right-arm medium
2,Mark O Bacarese,MO Bacarese,GIBR,2,12.00,64.86,432.0,19.00,2.90,39.2,Right-hand bat,Right-arm offbreak
3,Samuel Badree,S Badree,WI/World,16,7.16,66.15,204.0,52.00,3.05,102.0,Right-hand bat,Legbreak
4,Subramaniam Badrinath,S Badrinath,INDIA,1,43.00,116.21,426.0,31.00,2.61,71.0,Right-hand bat,Right-arm offbreak
5,Kofi Stephen Bagabena,KS Bagabena,Ghana,3,32.00,100.00,1764.0,58.21,2.77,126.0,Right-hand bat,Right-arm medium
6,Ashish Bagai,A Bagai,CAN,9,40.57,114.05,54.0,-,2.00,-,Right-hand bat,-
7,Harvir Singh Baidwan,HS Baidwan,CAN,11,6.00,103.84,96.0,-,4.18,-,Right-hand bat,Right-arm medium
8,Moazzam Ali Baig,MA Baig,MWI,4,1.25,41.66,-,-,-,-,Right-hand bat,Right-arm offbreak
9,George John Bailey,GJ Bailey,AUS/World,26,24.89,136.70,-,-,-,-,Right-hand bat,Right-arm medium
10,Jonathan Marc Bairstow,JM Bairstow,ENG,32,27.88,139.42,6522.0,33.79,2.92,69.3,Right-hand bat,Right-arm medium
11,James David Baker,JD Baker,Samoa,3,-,128.57,3385.0,43.87,3.03,86.7,Right-hand bat,Right-arm medium-fast
12,Lionel Sionne Baker,LS Baker,WI,-,-,-,12.0,-,0.50,-,Left-hand bat,Right-arm medium-fast
13,Godfred Bakiweyem,G Bakiweyem,Ghana,2,27.00,90.00,240.0,60.50,3.02,120.0,Right-hand bat,Right-arm medium
14,Rexford Bakum,R Bakum,Ghana,4,11.25,100.00,918.0,78.28,3.58,131.1,Right-hand bat,Right-arm medium
15,Lakshmipathy Balaji,L Balaji,INDIA,-,-,-,1460.0,33.27,3.00,66.3,Right-hand bat,Right-arm medium-fast
16,Wandavasi Dorakanti Balaji Rao,WD Balaji Rao,CAN,4,10.66,106.66,-,-,-,-,Left-hand bat,Legbreak googly
17,Vinoo Balakrishnan,V Balakrishnan,Botsw,3,31.50,76.82,6.0,-,3.00,-,-,-
18,Andrew Balbirnie,A Balbirnie,IRE,39,25.54,129.80,-,-,-,-,Right-hand bat,Right-arm offbreak
19,Baljit Singh,Baljit Singh,ITA,3,1.33,25.00,2617.0,41.27,3.12,79.3,Right-hand bat,Right-arm medium
20,Jacob Timothy Ball,JT Ball,ENG,-,-,-,54.0,18.00,2.00,54.0,Right-hand bat,Right-arm fast-medium
21,Cameron Timothy Bancroft,CT Bancroft,AUS,1,-,-,805.9999999999999,30.12,3.58,50.3,Right-hand bat,-
22,Herath Mudiyanselage Charitha Malinga Bandara,HMCM Bandara,SL,3,6.00,80.00,-,-,-,-,Right-hand bat,Legbreak
23,Konara Mudiyanselage Chaminda Bandara,KMC Bandara,SL,1,-,50.00,-,-,-,-,Left-hand bat,Left-arm medium-fast
24,Buddhadeb Banerjee,B Banerjee,Mex,4,4.00,42.10,2703.0,38.11,3.55,64.3,Right-hand bat,-
25,Andrew Alexander Banner,AA Banner,Blz,2,22.00,151.72,78.0,-,5.30,-,Right-hand bat,Right-arm medium
26,Glenford Gilbert Banner,GG Banner,Blz,3,38.50,118.46,852.0,89.33,3.77,142.0,Right-hand bat,-
27,Herbert Hazart Banner,HH Banner,Blz,2,9.00,90.00,-,-,-,-,Left-hand bat,Left-arm medium
28,Tom Banton,T Banton,ENG,3,18.66,164.70,9602.0,37.87,3.90,58.1,Right-hand bat,-
29,Spyridon Bantzas,S Bantzas,,-,-,-,24.0,-,4.75,-,Right-hand bat,Right-arm offbreak
30,Adrian Boris Barath,AB Barath,WI,2,11.50,58.97,18.0,-,6.00,-,Right-hand bat,Right-arm offbreak
31,James Barker,J Barker,LUX,2,8.00,100.00,480.99999999999994,52.60,3.28,96.2,Left-hand bat,-
32,Lucas J Barker,LJ Barker,GUE,8,7.87,91.30,1023.0000000000001,43.93,3.86,68.2,Right-hand bat,Right-arm medium
33,Timothy C Barker,TC Barker,LUX,4,6.75,81.81,863.0,43.16,3.60,71.9,Left-hand bat,-
34,Geoffery Edward Fulton Barnett,GEF Barnett,CAN,5,32.75,96.32,282.0,35.00,2.97,70.5,Left-hand bat,Right-arm medium-fast
35,Christopher Dion Barnwell,CD Barnwell,WI,6,19.50,125.80,-,-,-,-,Right-hand bat,Right-arm medium-fast
36,Pedro Baron,P Baron,Arg,3,14.33,113.15,351.0,51.50,3.52,87.7,Right-hand bat,-
37,Wesley Barresi,W Barresi,NL,41,22.82,114.96,2031.0,39.80,3.52,67.7,Right-hand bat,Right-arm offbreak
38,Miles Cameron Bascombe,MC Bascombe,WI,1,3.00,42.85,2230.0,57.05,2.76,123.8,Right-hand bat,-
39,Okera Bascome,O Bascome,BMUDA,11,13.36,100.00,3554.9999999999995,40.61,3.01,80.7,Right-hand bat,-
40,Onias Greg Lewis Bascome,OGL Bascome,BMUDA,11,10.70,91.45,3890.9999999999995,37.50,3.29,68.2,Right-hand bat,Right-arm medium
41,Oronde Omari Bascome,OO Bascome,BMUDA,3,8.00,82.75,-,-,-,-,Right-hand bat,Right-arm medium
42,Syed Bashir Ahmed Shah,Bashir Shah,DEN,2,-,100.00,570.0,43.11,4.08,63.3,Right-hand bat,Slow left-arm orthodox
43,Basil Hameed,Basil Hameed,UAE,3,12.33,112.12,-,-,-,-,Right-hand bat,Right-arm offbreak
44,Vinoth Baskaran,V Baskaran,SGP,5,9.00,78.26,426.0,130.00,3.66,213.0,Left-hand bat,Slow left-arm orthodox
45,Trevin Callistus Bastiampillai,TC Bastiampillai,CAN,-,-,-,540.0,26.09,3.18,49.0,Right-hand bat,Right-arm offbreak
46,Michael David Bates,MD Bates,NZ,-,-,-,576.0,68.40,3.56,115.2,Right-hand bat,Left-arm medium-fast
47,Gareth Jon Batty,GJ Batty,ENG,1,4.00,57.14,-,-,-,-,Right-hand bat,Right-arm offbreak
48,Dogodo Bau,D Bau,PNG,-,-,-,6.0,-,7.00,-,Right-hand bat,-
49,Sese Bau,S Bau,PNG,17,25.42,105.32,-,-,-,-,Left-hand bat,Right-arm medium
50,Carlton Seymour Baugh,CS Baugh,WI,3,3.33,83.33,-,-,-,-,Right-hand bat,Legbreak googly
51,Temba Bavuma,T Bavuma,SA,5,49.75,136.30,166.0,16.33,3.54,27.6,Right-hand bat,Right-arm medium
52,Farhaan Behardien,F Behardien,SA,30,32.37,128.21,-,-,-,-,Right-hand bat,Right-arm fast-medium
53,Jason Paul Behrendorff,JP Behrendorff,AUS,-,-,-,642.0,51.42,3.36,91.7,Right-hand bat,Left-arm fast-medium
54,Ian Ronald Bell,IR Bell,ENG,8,26.85,115.33,-,-,-,-,Right-hand bat,Right-arm medium
55,Sulieman Jamaal Benn,SJ Benn,WI,7,12.33,88.09,66.0,-,4.27,-,Left-hand bat,Slow left-arm orthodox
56,Hamish Kyle Bennett,HK Bennett,NZ,1,-,50.00,5077.0,42.90,3.54,72.5,Left-hand bat,Right-arm medium-fast
57,David Eddison Bernard,DE Bernard,WI,1,-,100.00,18.0,-,6.33,-,Right-hand bat,Right-arm medium-fast
58,Richard Douglas Berrington,RD Berrington,SCOT,54,28.34,128.95,5804.0,38.81,3.69,63.0,Right-hand bat,Right-arm medium-fast
59,Tino la Bertram Best,TL Best,WI,1,-,188.88,126.0,107.00,5.09,126.0,Right-hand bat,Right-arm fast
60,Aarush Bhagwat,A Bhagwat,HKG,4,1.25,31.25,234.0,27.00,2.76,58.5,Right-hand bat,-
61,Binod Bhandari,B Bhandari,NEPAL,25,16.00,109.74,1293.0,33.56,3.58,56.2,Right-hand bat,Right-arm bowler
62,Minod Bhanuka Ranasinghe,M Bhanuka,SL,1,0.00,0.00,1270.0,44.00,3.74,70.5,Left-hand bat,-
63,Taranjit Singh Bharaj,TS Bharaj,DEN,8,6.50,67.53,-,-,-,-,Right-hand bat,Right-arm offbreak
64,Sri Vishnu Elam Bharathi,SVE Bharathi,GER,-,-,-,12.0,-,4.00,-,-,-
65,Parish Bharat Patel,P Bharat Patel,PNM,1,-,57.14,6412.000000000001,30.40,3.55,51.2,Left-hand bat,Right-arm medium
66,Sushan Bhari,S Bhari,NEPAL,5,0.50,14.28,180.0,99.00,3.30,180.0,Left-hand bat,Slow left-arm orthodox
67,Prithvi Bhart,P Bhart,NOR,3,3.00,17.64,-,-,-,-,Right-hand bat,Right-arm offbreak
68,Amrit Bhattarai,A Bhattarai,NEPAL,1,2.00,66.66,14124.0,32.07,2.98,64.4,Right-hand bat,Left-arm medium
69,Rustam Ali Bhatti,RA Bhatti,CAN,4,8.33,67.56,2.0,-,12.00,-,Right-hand bat,Right-arm offbreak
70,Umar Bhatti,U Bhatti,CAN,7,12.25,102.08,1537.0000000000002,45.25,2.82,96.0,Left-hand bat,Left-arm medium
71,Meet Bhavsar,Meet Bhavsar,KUW,7,17.33,118.18,6.0,-,0.00,-,Left-hand bat,-
72,Rajesh Lalji Bhudia,RL Bhudia,KENYA,3,10.00,100.00,-,-,-,-,Right-hand bat,Right-arm medium
73,Sachin Ramniklal Bhudia,SR Bhudia,KENYA,3,2.00,25.00,-,-,-,-,Right-hand bat,Right-arm medium
74,Machanda Ponnaiah Biddappa,MP Biddappa,PHI,2,35.00,74.46,4767.0,33.97,3.50,58.1,Right-hand bat,-
75,Bilal Ahmed,Bilal Ahmed,Serb,1,19.00,67.85,2000.0,43.60,3.27,80.0,Right-hand bat,Right-arm medium
76,Bilal Khan,Bilal Khan,OMAN,11,6.33,63.33,30.0,-,2.20,-,Left-hand bat,Left-arm medium-fast
77,Bilal Mohammad Tahir Ghulam Hussain,Bilal Tahir,KUW,7,13.33,125.00,-,-,-,-,Right-hand bat,-
78,Mahammad Bilal Zalmai,Bilal Zalmai,Aut,4,69.33,190.82,7793.0,30.63,3.39,54.1,Right-hand bat,Right-arm offbreak
79,Bilawal Bhatti,Bilawal Bhatti,PAK,4,11.50,164.28,1112.0,57.30,3.09,111.2,Right-hand bat,Right-arm medium-fast
80,Ian Shaw Billcliff,IS Billcliff,CAN,2,25.50,130.76,12.0,-,2.00,-,Right-hand bat,Right-arm medium
81,Samuel William Billings,SW Billings,ENG/ICC,23,17.40,136.47,186.0,106.00,3.41,186.0,Right-hand bat,-
82,Stuart Terence Roger Binny,STR Binny,INDIA,2,17.50,120.68,1800.0,80.00,3.20,150.0,Right-hand bat,Right-arm medium
83,Karl Johan Birkenstock,K Birkenstock,NAM,2,32.00,193.93,-,-,-,-,Left-hand bat,Right-arm fast-medium
84,Travis Rodney Birt,TR Birt,AUS,3,10.33,93.93,6851.0,43.76,2.64,99.2,Left-hand bat,Right-arm medium
85,Kamal Kumar Bishnoi,KK Bishnoi,,2,16.00,88.88,168.0,38.50,2.75,84.0,Right-hand bat,Right-arm medium
86,Devendra Bishoo,D Bishoo,WI,4,8.50,58.62,6.0,-,4.00,-,Left-hand bat,Legbreak
87,Corey Peter Frank Bisson,C Bisson,JER,14,18.83,127.68,-,-,-,-,Right-hand bat,Right-arm medium
88,John Angus Rae Blain,JAR Blain,SCOT,3,2.00,80.00,10872.0,42.32,2.91,86.9,Right-hand bat,Right-arm fast-medium
89,Callum Charles Blake,CC Blake,VAN,-,-,-,11384.0,28.24,2.84,59.6,Right-hand bat,Right-arm medium
90,Dominic G Blampied,DG Blampied,JER,15,24.55,99.54,868.0,28.68,4.36,39.4,Right-hand bat,Legbreak
91,Arnoldus Mauritius Blignaut,AM Blignaut,ZIM,1,8.00,100.00,2212.0,31.00,3.86,48.0,Left-hand bat,Right-arm medium-fast
92,Thomas Ackland Blundell,TA Blundell,NZ,2,17.00,80.95,669.0,85.60,3.83,133.8,Right-hand bat,Right-arm offbreak
93,Gulam Hussain Bodi,GH Bodi,SA,1,8.00,32.00,156.0,38.00,4.38,52.0,Left-hand bat,Slow left-arm chinaman
94,Abinash Bohara,A Bohara,NEPAL,7,4.25,89.47,198.0,111.00,3.36,198.0,Right-hand bat,Right-arm medium
95,Philippe Ronald Peter Boissevain,PRP Boissevain,NL,2,7.00,100.00,-,-,-,-,Right-hand bat,Legbreak googly
96,Nico Boje,N Boje,SA,-,-,-,428.0,37.25,4.17,53.5,Left-hand bat,Slow left-arm orthodox
97,Scott Michael Boland,SM Boland,AUS,-,-,-,234.0,-,4.56,-,Right-hand bat,Right-arm fast-medium
98,Douglas Erwin Bollinger,DE Bollinger,AUS,2,-,100.00,-,-,-,-,Left-hand bat,Left-arm fast-medium
99,Shane Edward Bond,SE Bond,NZ,8,4.20,100.00,18.0,-,0.66,-,Right-hand bat,Right-arm fast
100,Nkrumah Eljego Bonner,NE Bonner,WI,2,13.50,71.05,3001.0,35.93,3.23,66.6,Right-hand bat,Legbreak
101,Ravinder Singh Bopara,RS Bopara,ENG,35,28.44,118.69,-,-,-,-,Right-hand bat,Right-arm medium
102,Peter William Borren,PW Borren,NL,38,19.33,121.75,-,-,-,-,Right-hand bat,Right-arm medium
103,Scott George Borthwick,SG Borthwick,ENG,1,14.00,87.50,-,-,-,-,Left-hand bat,Legbreak
104,Lungile Edgar Bosman,LE Bosman,SA,14,24.84,147.48,-,-,-,-,Right-hand bat,Right-arm medium
105,Andre Cornelius Botha,AC Botha,IRE,11,13.00,92.19,26865.999999999996,32.13,2.84,67.8,Left-hand bat,Right-arm medium
106,Johan Botha,J Botha,SA,20,18.27,121.81,594.0,21.15,2.77,45.6,Right-hand bat,Right-arm offbreak
107,Mark Verdon Boucher,MV Boucher,SA,21,17.86,97.45,1148.0,29.40,3.07,57.4,Right-hand bat,Right-arm medium
108,Trent Alexander Boult,TA Boult,NZ,8,4.40,68.75,13375.0,31.82,3.22,59.1,Right-hand bat,Left-arm fast-medium
109,Cameron John Boyce,CJ Boyce,AUS,2,4.00,57.14,318.0,166.00,3.13,318.0,Right-hand bat,Legbreak
110,Thomas Sebastiaan Braat,TS Braat,NL,2,3.00,85.71,-,-,-,-,Right-hand bat,Right-arm medium-fast
111,Douglas Andrew John Bracewell,DAJ Bracewell,NZ,10,24.20,145.78,8809.0,37.87,2.65,85.5,Right-hand bat,Right-arm fast-medium
112,Nathan Wade Bracken,NW Bracken,AUS,6,5.00,68.18,5736.0,23.52,2.78,50.7,Right-hand bat,Left-arm fast-medium
113,Ian David Russell Bradshaw,IDR Bradshaw,WI,1,-,-,-,-,-,-,Left-hand bat,Left-arm fast-medium
114,Derrick Lorenzo Brangman,DL Brangman,BMUDA,4,11.50,92.00,135.0,43.50,3.86,67.5,Left-hand bat,Slow left-arm orthodox
115,Carlos Ricardo Brathwaite,CR Brathwaite,WI,27,14.76,113.13,1737.0,28.90,3.09,56.0,Right-hand bat,Right-arm fast-medium
116,Dwayne John Bravo,DJ Bravo,WI,60,23.97,116.49,6.0,-,1.00,-,Right-hand bat,Right-arm medium
117,Darren Michael Bravo,DM Bravo,WI,18,20.00,107.25,-,-,-,-,Left-hand bat,Right-arm medium
118,Jeremy Paul Bray,JP Bray,IRE,2,1.00,11.76,630.0,96.00,4.57,126.0,Left-hand bat,-
119,Gary Bazil Brent,GB Brent,ZIM,1,2.00,40.00,234.0,153.00,3.92,234.0,Right-hand bat,Right-arm medium
120,Timothy Thomas Bresnan,TT Bresnan,ENG,22,16.61,127.05,4200.0,34.98,3.14,66.6,Right-hand bat,Right-arm medium-fast
121,Danny Richard Briggs,DR Briggs,ENG,1,-,-,42.0,-,4.42,-,Right-hand bat,Slow left-arm orthodox
122,Stuart Christopher John Broad,SCJ Broad,ENG,26,7.37,100.00,1787.0,31.48,3.70,51.0,Left-hand bat,Right-arm fast-medium
123,Neil Trevor Broom,NT Broom,NZ,7,12.16,107.35,11019.0,26.20,2.78,56.5,Right-hand bat,Right-arm medium
124,Douglas Robert Brown,DR Brown,SCOT,1,1.00,20.00,126.0,-,3.61,-,Right-hand bat,Right-arm fast-medium
125,Patrick Rhys Brown,PR Brown,ENG,1,-,44.44,1962.0,42.18,2.83,89.1,Right-hand bat,Right-arm fast-medium
126,Dean Graham Brownlie,DG Brownlie,NZ,5,1.20,33.33,230.99999999999997,29.16,4.54,38.5,Right-hand bat,Right-arm medium
127,Thomas Charles Bruce,TC Bruce,NZ,17,18.60,122.36,330.0,82.00,2.98,165.0,Right-hand bat,Right-arm offbreak
128,Paolo Buccimazza,P Buccimazza,PORT,2,1.00,15.38,2761.0,50.16,3.27,92.0,Right-hand bat,-
129,Nic Buckle,N Buckle,GUE,1,-,100.00,25359.999999999996,27.74,2.80,59.3,Right-hand bat,Right-arm medium
130,Naresh Bahadur Budayair,NB Budayair,NEPAL,3,3.50,36.84,-,-,-,-,Right-hand bat,Right-arm bowler
131,Dylan Evers Budge,DE Budge,SCOT,4,30.00,101.69,162.0,20.50,1.51,81.0,Right-hand bat,Right-arm medium
132,Trevor Bukenya,T Bukenya,UGA,2,-,100.00,24.0,-,2.00,-,Right-hand bat,Right-arm medium-fast
133,Mudassar Bukhari,Mudassar Bukhari,NL,26,8.72,103.28,6078.0,28.50,2.78,61.3,Right-hand bat,Right-arm medium-fast
134,Jose Bulele,J Bulele,Moz,7,9.28,68.42,1743.0,66.92,2.99,134.0,Right-hand bat,Right-arm offbreak
135,Anders Bulow,A Bulow,DEN,1,11.00,84.61,1123.0,36.87,3.15,70.1,Right-hand bat,Right-arm medium
136,Jasprit Jasbirsingh Bumrah,JJ Bumrah,INDIA,6,4.00,61.53,12.0,-,4.00,-,Right-hand bat,Right-arm fast
137,Daniel Enese Burgess,DE Burgess,Samoa,4,1.50,50.00,1422.0,54.00,3.64,88.8,Right-hand bat,Right-arm medium
138,Ryan Ponsonby Burl,RP Burl,ZIM,13,25.40,114.93,13831.0,30.30,3.26,55.7,Left-hand bat,Legbreak
139,Calvin Gary Burnett,CG Burnett,SCOT,-,-,-,7158.0,26.72,2.57,62.2,Left-hand bat,Right-arm medium-fast
140,Deighton Kelvin Butler,DK Butler,WI,-,-,-,960.0,63.77,3.58,106.6,Left-hand bat,Left-arm fast-medium
141,Ian Gareth Butler,IG Butler,NZ,6,5.00,50.00,1486.0,36.85,3.12,70.7,Right-hand bat,Right-arm fast
142,Josh Butler,J Butler,GUE,8,28.71,93.92,3395.0,60.14,2.23,161.6,Right-hand bat,Right-arm medium
143,Joseph Charles Buttler,JC Buttler,ENG,61,26.68,139.68,-,-,-,-,Right-hand bat,-
144,Atse Folkert Buurman,AF Buurman,NL,2,0.00,0.00,-,-,-,-,Right-hand bat,-
145,Sean Byrne,S Byrne,MALTA,2,1.50,33.33,-,-,-,-,Right-hand bat,Legbreak
146,Christopher Lance Cairns,CL Cairns,NZ,2,1.50,23.07,-,-,-,-,Right-hand bat,Right-arm fast-medium
147,Greigor Caisley,G Caisley,,4,13.00,88.13,12.0,-,2.00,-,Right-hand bat,Right-arm medium
148,John Dillon Campbell,JD Campbell,WI,2,5.50,68.75,-,-,-,-,Left-hand bat,Right-arm offbreak
149,Ryan John Campbell,RJ Campbell,HKG,3,12.00,76.59,-,-,-,-,Right-hand bat,Right-arm offbreak
150,Michael Alexander Carberry,MA Carberry,ENG,1,7.00,100.00,-,-,-,-,Left-hand bat,Right-arm offbreak
151,Alex Tyson Carey,AT Carey,AUS,16,14.41,124.46,588.0,43.71,3.12,84.0,Left-hand bat,-
152,Harrison Lee Carlyon,HL Carlyon,JER,8,19.50,119.08,-,-,-,-,Right-hand bat,Right-arm offbreak
153,Christopher Carter,C Carter,HKG,5,13.75,87.30,188.0,141.00,4.50,188.0,Right-hand bat,-
154,Neil Miller Carter,NM Carter,SCOT,2,2.00,33.33,84.0,-,4.42,-,Left-hand bat,Left-arm medium-fast
155,Alex Carthew,A Carthew,Chile,1,-,100.00,-,-,-,-,Right-hand bat,Right-arm offbreak
156,Tim Caruana,T Caruana,GIBR,1,5.00,38.46,-,-,-,-,-,-
157,Darren Cato,D Cato,Caym,3,10.00,50.84,-,-,-,-,Right-hand bat,Right-arm medium
158,James Joseph Celestine,JJ Celestine,BMUDA,3,3.00,52.94,-,-,-,-,Right-hand bat,Right-arm slow-medium
159,Yuzvendra Singh Chahal,YS Chahal,INDIA,4,2.50,45.45,426.99999999999994,94.66,3.99,142.3,Right-hand bat,Legbreak googly
160,Deepak Lokandersingh Chahar,DL Chahar,INDIA,2,-,100.00,1635.9999999999998,31.62,3.36,56.4,Right-hand bat,Right-arm medium
161,Rahul Desraj Chahar,RD Chahar,INDIA,-,-,-,-,-,-,-,Right-hand bat,Legbreak googly
162,Regis Wiriranai Chakabva,RW Chakabva,ZIM,12,14.45,118.65,3925.0,40.24,3.50,68.8,Right-hand bat,Right-arm offbreak
163,Pathira Vasan Dushmantha Chameera,PVD Chameera,SL,10,7.75,77.50,24.0,-,3.00,-,Right-hand bat,Right-arm fast
164,Shivnarine Chanderpaul,S Chanderpaul,WI,22,20.17,98.84,-,-,-,-,Left-hand bat,Legbreak
165,Lokuge Dinesh Chandimal,LD Chandimal,SL,47,18.60,104.43,-,-,-,-,Right-hand bat,Right-arm offbreak
166,Vimal Dinesh Chandra,VD Chandra,PNM,2,18.50,123.33,-,-,-,-,Right-hand bat,-
167,Surendran Chandramohan,S Chandramohan,SGP,15,31.14,119.12,12912.0,24.62,2.43,60.6,Right-hand bat,-
168,Pradeep Chandran,P Chandran,Mex,3,10.33,65.95,66.0,9.00,1.63,33.0,Right-hand bat,Right-arm medium
169,Mark Sinclair Chapman,MS Chapman,HKG/NZ,23,22.61,114.18,138.0,96.00,4.17,138.0,Left-hand bat,Slow left-arm orthodox
170,Charanjeet Singh,Charanjeet Singh,ITA,2,-,88.88,-,-,-,-,Right-hand bat,Right-arm medium
171,Brian Bara Chari,BB Chari,ZIM,3,7.00,67.74,342.0,16.33,2.57,38.0,Right-hand bat,Right-arm offbreak
172,Johnson Charles,J Charles,WI,33,21.93,121.68,-,-,-,-,Right-hand bat,-
173,Peter Karl David Chase,PKD Chase,IRE,5,7.00,53.84,2511.0,29.43,3.23,54.5,Right-hand bat,Right-arm medium-fast
174,Tendai Larry Chatara,TL Chatara,ZIM,3,5.00,83.33,6.0,-,9.00,-,Right-hand bat,Right-arm fast-medium
175,Gopal Chaturvedi,G Chaturvedi,MALTA,2,24.50,168.96,6.0,-,12.00,-,Right-hand bat,Right-arm offbreak
176,Maneesh Chauhan,M Chauhan,Fin,2,8.00,200.00,42.0,-,6.42,-,Right-hand bat,Right-arm medium
177,Piyush Pramod Chawla,PP Chawla,INDIA,1,0.00,0.00,4837.0,30.29,2.29,79.2,Left-hand bat,Legbreak
178,Namgang Chejay,N Chejay,BHU,-,-,-,185.0,50.00,3.24,92.5,Right-hand bat,-
179,Chisomo Chete,C Chete,MWI,-,-,-,-,-,-,-,Right-hand bat,-
180,Chamunorwa Justice Chibhabha,CJ Chibhabha,ZIM,32,19.40,108.94,73.0,-,4.52,-,Right-hand bat,Right-arm medium
181,Elton Chigumbura,E Chigumbura,ZIM,53,19.36,142.71,24.0,-,2.25,-,Right-hand bat,Right-arm fast-medium
182,Vijayshankar Bangalore Chikkannaiah,VB Chikkannaiah,GER,9,24.87,93.86,16001.0,28.40,3.33,51.1,Right-hand bat,-
183,Jelany Wotanasanga Chilia,JW Chilia,VAN,7,18.00,100.00,547.0,17.18,3.01,34.1,Right-hand bat,Right-arm offbreak
184,Chirag Suri,Chirag Suri,UAE,12,35.20,115.78,-,-,-,-,Right-hand bat,"Right-arm offbreak, Legbreak googly"
185,Tendai Sam Chisoro,TS Chisoro,ZIM,6,10.00,95.23,-,-,-,-,Left-hand bat,"Left-arm fast-medium, Slow left-arm orthodox"
186,Sonam Chophel,S Chophel,BHU,1,-,40.00,2821.0,28.23,3.54,47.8,Right-hand bat,-
187,Derwin O'Neil Christian,DO Christian,WI,1,0.00,0.00,1530.0,35.80,2.94,72.8,Right-hand bat,-
188,Daniel Trevor Christian,DT Christian,AUS,7,6.75,96.42,1862.0,35.82,3.23,66.5,Right-hand bat,Right-arm fast-medium
189,Kyle Christie,K Christie,HKG,4,7.50,75.00,12.0,-,4.00,-,Right-hand bat,Right-arm medium-fast
190,Ivan Civric,I Civric,Serb,1,0.00,0.00,-,-,-,-,Right-hand bat,Right-arm medium
191,Stuart Rupert Clark,SR Clark,AUS,-,-,-,715.0,30.81,4.13,44.6,Right-hand bat,Right-arm fast-medium
192,Michael John Clarke,MJ Clarke,AUS,28,21.21,103.17,4605.0,31.73,2.93,64.8,Right-hand bat,Slow left-arm orthodox
193,Gihahn Love Cloete,GL Cloete,SA,2,7.50,100.00,18.0,-,3.66,-,Left-hand bat,Right-arm offbreak
194,Kyle James Coetzer,KJ Coetzer,SCOT,56,25.66,122.00,-,-,-,-,Right-hand bat,Right-arm medium-fast
195,Freddie Robert John Coleman,FRJ Coleman,SCOT,1,9.00,69.23,-,-,-,-,Right-hand bat,-
196,Luke A Collado,LA Collado,GIBR,3,18.00,52.94,15073.0,33.56,2.96,67.8,-,-
197,Paul David Collingwood,PD Collingwood,ENG/World,33,18.80,127.01,3146.0000000000005,37.51,3.07,73.1,Right-hand bat,Right-arm medium
198,Nathan Grant Collins,NG Collins,Fin,5,30.20,92.07,-,-,-,-,Right-hand bat,Right-arm offbreak
199,Peter Christopher Connell,PC Connell,IRE,3,4.00,57.14,-,-,-,-,Right-hand bat,Right-arm medium-fast
fullName,scoreName,team,innings,batAvg,batSR,careerBalls,bowlAvg,bowlEcon,bowlSR,batHand,bowlType
0,Alastair Nathan Cook,AN Cook,ENG,4,15.25,112.96,750.0,63.00,4.03,93.7,Left-hand bat,Right-arm slow
1,Benjamin Nicolas Cooper,BN Cooper,NL,48,28.05,122.92,156.0,58.00,2.23,156.0,Left-hand bat,Right-arm medium
2,Tom Lexley William Cooper,TLW Cooper,NL,17,28.85,132.02,156.0,-,3.96,-,Right-hand bat,Right-arm offbreak
3,Muthuthantrige Nilantha Rohana Cooray,MNR Cooray,Mald,6,34.00,114.86,12.0,-,4.50,-,Right-hand bat,Legbreak
4,Marcus Cope,M Cope,LUX,2,13.00,86.66,-,-,-,-,Right-hand bat,Right-arm offbreak
5,Filipe Antonio Cossa,FA Cossa,Moz,6,20.50,91.11,1047.0,34.06,2.92,69.8,Right-hand bat,Right-arm medium
6,Sean James Cotter,SJ Cotter,Samoa,4,13.00,83.87,156.0,148.00,5.69,156.0,Right-hand bat,Right-arm medium
7,Sheldon Shane Cottrell,SS Cottrell,WI,7,5.00,68.18,236.99999999999997,74.50,3.77,118.5,Right-hand bat,Left-arm fast-medium
8,Nathan Mitchell Coulter-Nile,NM Coulter-Nile,AUS,15,13.63,125.00,4090.0,31.69,3.16,60.1,Right-hand bat,Right-arm fast
9,Charles Kevin Coventry,CK Coventry,ZIM,12,12.70,141.11,-,-,-,-,Right-hand bat,Legbreak
10,Mason Sidney Crane,MS Crane,ENG,-,-,-,1039.0,30.23,3.66,49.4,Right-hand bat,Legbreak googly
11,Alexander Graeme Cremer,AG Cremer,ZIM,19,5.23,66.66,1658.0,44.20,3.99,66.3,Right-hand bat,Legbreak googly
12,Matthew Henry Cross,MH Cross,SCOT,35,26.03,127.31,479.0,24.66,2.78,53.2,Right-hand bat,-
13,Patrick James Cummins,PJ Cummins,AUS,11,5.00,94.59,48.0,-,6.62,-,Right-hand bat,Right-arm fast
14,Samuel Matthew Curran,SM Curran,ENG,3,11.66,152.17,-,-,-,-,Left-hand bat,Left-arm medium-fast
15,Thomas Kevin Curran,TK Curran,ENG,8,12.66,131.03,1620.0,64.00,3.08,124.6,Right-hand bat,Right-arm fast-medium
16,Alex Richard Cusack,AR Cusack,IRE,21,15.26,129.37,-,-,-,-,Right-hand bat,Right-arm medium-fast
17,Joel Cutinho,J Cutinho,CRC,3,31.00,94.89,174.0,122.00,4.20,174.0,Left-hand bat,Right-arm offbreak
18,Benjamin Colin James Cutting,BCJ Cutting,AUS/World,5,10.00,148.14,-,-,-,-,Right-hand bat,Right-arm fast-medium
19,Darius Del Piero D'Silva,DDP D'Silva,UAE,8,32.50,89.04,18401.0,32.84,3.27,60.1,Right-hand bat,Right-arm medium
20,Keith Mbusi Dabengwa,KM Dabengwa,ZIM,7,11.50,115.00,12.0,-,2.50,-,Left-hand bat,Slow left-arm orthodox
21,Damodar Daesrath,D Daesrath,CAN,-,-,-,-,-,-,-,Right-hand bat,Right-arm offbreak
22,Dad Khoda Dahani,DK Dahani,Iran,3,2.33,87.50,1459.0,42.82,2.99,85.8,Right-hand bat,-
23,Dilip Kumar Dahyabhai Ahir,DK Dahyabhai Ahir,PNM,1,7.00,70.00,24.0,-,1.75,-,Right-hand bat,Right-arm medium
24,Mahuru Douglas Dai,MD Dai,PNG,8,13.12,82.03,1079.0,29.52,3.11,56.7,Right-hand bat,"Right-arm medium, Legbreak googly"
25,Haris Dajc,H Dajc,Serb,2,2.00,66.66,-,-,-,-,Left-hand bat,Right-arm medium
26,Carl Junior Dala,CJ Dala,SA,4,19.00,67.85,667.0,42.20,3.79,66.7,Right-hand bat,Right-arm medium
27,James William Murray Dalrymple,JWM Dalrymple,ENG,3,20.00,105.26,1626.0,42.26,2.33,108.4,Right-hand bat,Right-arm offbreak
28,Shaun Dalton,S Dalton,CZK-R,1,0.00,0.00,-,-,-,-,Right-hand bat,-
29,Francis Damiao Couana,F Damiao Couana,Moz,7,38.83,130.16,175.0,-,2.88,-,Right-hand bat,Right-arm medium
30,Mahamarakkala Kurukulasooriya Patabendige Akila Dananjaya Perera,A Dananjaya,SL,12,6.12,85.96,743.0,43.23,4.53,57.1,Left-hand bat,"Right-arm offbreak, Legbreak"
31,Petre Danci,P Danci,ROM,2,7.00,63.63,-,-,-,-,Right-hand bat,Right-arm offbreak
32,Hariharan Dandapani,H Dandapani,Fin,3,8.00,53.33,168.0,80.00,2.85,168.0,Right-hand bat,Right-arm offbreak
33,Isaac Danladi,I Danladi,NGA,2,18.50,97.36,3566.9999999999995,37.37,3.01,74.3,Left-hand bat,Slow left-arm orthodox
34,Deunte Akil Pearman Darrell,DAP Darrell,BMUDA,10,8.88,84.21,989.0,24.12,3.51,41.2,Right-hand bat,Right-arm medium
35,Kiran Dasan,K Dasan,,3,38.00,105.55,318.0,137.00,2.58,318.0,Right-hand bat,Right-arm medium
36,Joshua Henry Davey,JH Davey,SCOT,10,16.60,131.74,3348.0,26.09,2.94,53.1,Right-hand bat,Right-arm medium-fast
37,Ramesh Randeer David,RR David,CAN,4,9.75,60.00,1611.0,25.81,2.59,59.6,Right-hand bat,Right-arm offbreak
38,Timothy Hays David,TH David,SGP,14,46.50,158.52,3905.0,36.58,3.76,58.2,Right-hand bat,Right-arm offbreak
39,Henry Davids,H Davids,SA,9,17.88,120.14,21735.0,30.98,2.93,63.3,Right-hand bat,Right-arm medium-fast
40,Steven Michael Davies,SM Davies,ENG,5,20.40,124.39,756.0,38.66,3.68,63.0,Left-hand bat,-
41,Nikolaas Davin,N Davin,NAM,16,22.33,155.09,11099.0,37.42,3.05,73.5,Right-hand bat,Legbreak
42,John Michael Davison,JM Davison,CAN,5,8.80,110.00,288.0,31.60,3.29,57.6,Right-hand bat,Right-arm offbreak
43,Sabawoon Davizi,S Davizi,CZK-R,2,96.00,144.36,192.0,47.00,4.40,64.0,Left-hand bat,Right-arm medium
44,Dawlat Khan Ahmadzi,Dawlat Ahmadzai,AFG,1,-,66.66,6.0,-,3.00,-,Right-hand bat,Right-arm fast-medium
45,Dawlat Zadran,Dawlat Zadran,AFG,17,7.55,161.90,999.0000000000001,37.06,3.56,62.4,Right-hand bat,Right-arm fast-medium
46,Liam Andrew Dawson,LA Dawson,ENG,2,17.00,212.50,-,-,-,-,Right-hand bat,Slow left-arm orthodox
47,Abzal S Dean,AS Dean,CAN,2,4.00,80.00,-,-,-,-,Left-hand bat,Right-arm offbreak
48,Theunis Booysen de Bruyn,TB de Bruyn,SA,2,13.00,162.50,2364.0,29.64,3.83,46.3,Right-hand bat,Right-arm medium-fast
49,Colin de Grandhomme,C de Grandhomme,NZ,34,18.03,143.23,174.0,29.00,2.00,87.0,Right-hand bat,Right-arm medium-fast
50,Tom Nico de Grooth,TN de Grooth,NL,13,20.37,105.16,2072.0,29.02,2.85,60.9,Right-hand bat,Right-arm offbreak
51,Quinton de Kock,Q de Kock,SA,44,31.43,136.07,15157.999999999998,33.13,3.51,56.5,Left-hand bat,-
52,Con de Wet de Lange,CD de Lange,SCOT,3,11.66,159.09,871.9999999999999,28.23,2.52,67.0,Right-hand bat,Slow left-arm orthodox
53,Marchant de Lange,M de Lange,SA,-,-,-,246.0,40.66,2.97,82.0,Right-hand bat,Right-arm fast
54,Christopher James Delaney,CJ Delany,GIBR,4,9.25,61.66,298.0,46.00,2.77,99.3,Right-hand bat,Right-arm medium
55,David Colin Alex Delany,DC Delany,IRE,2,3.50,116.66,240.0,54.00,4.05,80.0,Left-hand bat,Right-arm medium-fast
56,Gareth James Delany,GJ Delany,IRE,21,24.22,150.34,186.0,33.25,4.29,46.5,Right-hand bat,Legbreak googly
57,Diego de la Puente,D de la Puente,Peru,2,3.00,42.85,-,-,-,-,Right-hand bat,Right-arm medium-fast
58,Delawar Khan,Delawar Khan,DEN,8,6.71,117.50,84.0,-,3.14,-,Right-hand bat,Left-arm medium
59,Bas de Leede,BFW de Leede,NL,7,16.33,85.96,594.0,59.00,2.97,118.8,Right-hand bat,Right-arm medium
60,Joseph Liam Denly,JL Denly,ENG,11,9.60,96.96,-,-,-,-,Right-hand bat,Legbreak
61,Narsingh Deonarine,N Deonarine,WI,7,11.00,103.77,24568.0,31.58,3.00,62.9,Left-hand bat,Right-arm offbreak
62,Jade Winston Dernbach,JW Dernbach,ENG,7,4.80,114.28,6.0,-,0.00,-,Right-hand bat,Right-arm fast-medium
63,Parth Ajaykumar Desai,PA Desai,CAN,1,-,57.14,300.0,53.00,3.18,100.0,Right-hand bat,Slow left-arm orthodox
64,Samantha Indika de Saram,SI de Saram,SL,-,-,-,175.0,88.00,3.01,175.0,Right-hand bat,Right-arm offbreak
65,Dhananjaya Maduranga de Silva,DM de Silva,SL,15,22.06,109.96,732.0,33.33,2.45,81.3,Right-hand bat,Right-arm offbreak
66,Pinnaduwage Chaturanga de Silva,PC de Silva,SL,2,11.00,100.00,108.0,-,8.27,-,Left-hand bat,Slow left-arm orthodox
67,Pinnaduwage Wanindu Hasaranga de Silva,PWH de Silva,SL,11,17.57,118.26,1212.0,26.64,2.24,71.2,Right-hand bat,Legbreak
68,Sammu Nirwantha Thikshila de Silva,ST de Silva,SL,2,1.50,42.85,7892.0,31.09,3.30,56.3,Left-hand bat,Right-arm fast-medium
69,Sorawat Desungnoen,S Desungnoen,THAI,2,-,60.00,102.0,14.00,3.29,25.5,Right-hand bat,Right-arm offbreak
70,Anton Paul Devcich,AP Devcich,NZ,4,27.75,140.50,13540.0,21.28,2.43,52.4,Left-hand bat,Slow left-arm orthodox
71,Abraham Benjamin de Villiers,AB de Villiers,SA,75,26.12,135.16,-,-,-,-,Right-hand bat,Right-arm medium
72,Navneet Singh Dhaliwal,NS Dhaliwal,CAN,11,40.11,124.05,186.0,120.00,3.87,186.0,Right-hand bat,Right-arm medium-fast
73,Sunil Dhaniram,S Dhaniram,CAN,9,11.11,81.30,168.0,101.00,3.60,168.0,Left-hand bat,Slow left-arm orthodox
74,Rishi Dhawan,R Dhawan,INDIA,1,-,50.00,90.0,-,4.53,-,Right-hand bat,Right-arm medium-fast
75,Shikhar Dhawan,S Dhawan,INDIA,59,28.35,128.27,264.0,54.00,3.68,88.0,Left-hand bat,Right-arm offbreak
76,Dhiman Ghosh,Dhiman Ghosh,BDESH,1,1.00,50.00,569.0,44.00,3.71,71.1,Right-hand bat,-
77,Mahendra Singh Dhoni,MS Dhoni,INDIA,85,37.60,126.13,1015.0,43.07,3.31,78.0,Right-hand bat,Right-arm medium
78,Brendon John Diamanti,BJ Diamanti,NZ,-,-,-,36.0,-,4.50,-,Right-hand bat,Right-arm medium-fast
79,Dickwella Patabendige Dilantha Niroshan Dickwella,N Dickwella,SL,22,19.50,138.83,6678.0,33.19,3.28,60.7,Left-hand bat,-
80,Valter Dikov,V Dikov,,-,-,-,2940.0,65.24,3.32,117.6,Right-hand bat,Right-arm medium
81,Loku Hettige Danushka Dilhara,LHD Dilhara,SL,1,-,200.00,587.0,62.80,3.20,117.4,Right-hand bat,Right-arm fast-medium
82,Tillakaratne Mudiyanselage Dilshan,TM Dilshan,SL,79,28.19,120.54,1130.0,38.10,4.04,56.5,Right-hand bat,Right-arm offbreak
83,Santana de Jesus Jose Dima,SDJJ Dima,Moz,2,3.00,75.00,3398.9999999999995,45.32,3.44,79.0,Right-hand bat,Right-arm offbreak
84,Ashok Bhimchandra Dinda,AB Dinda,INDIA,2,22.00,91.66,1287.0,50.83,4.26,71.5,Right-hand bat,Right-arm medium-fast
85,Neel Dipakkumar Patel,N Dipakkumar Patel,PNM,1,0.00,-,156.0,-,2.69,-,Right-hand bat,Right-arm offbreak
86,Hendrik Human Dippenaar,HH Dippenaar,SA,1,1.00,20.00,12.0,-,2.50,-,Right-hand bat,Right-arm offbreak
87,Mohit Dixit,M Dixit,LUX,2,27.00,91.52,5209.0,33.15,3.85,51.5,Right-hand bat,Left-arm medium-fast
88,Aleksa Djorovic,A Djorovic,Serb,2,5.50,42.30,2970.0,57.32,3.24,106.0,Right-hand bat,Slow left-arm chinaman
89,George Henry Dockrell,GH Dockrell,IRE,37,13.40,121.26,-,-,-,-,Right-hand bat,Slow left-arm orthodox
90,Xavier John Doherty,XJ Doherty,AUS,4,18.00,105.88,749.0,80.20,3.21,149.8,Left-hand bat,Slow left-arm orthodox
91,Kiplin Doriga,K Doriga,PNG,11,10.60,102.91,-,-,-,-,Right-hand bat,-
92,Jigme Namgyel Dorji,JN Dorji,BHU,1,0.00,-,616.0,29.27,3.13,56.0,Right-hand bat,-
93,Karma Dorji,K Dorji,BHU,-,-,-,164.0,-,3.18,-,Right-hand bat,Right-arm offbreak
94,Ranjung Mikyo Dorji,RM Dorji,BHU,1,27.00,117.39,2853.0,38.64,3.41,67.9,Right-hand bat,Right-arm offbreak
95,Ugyen Dorji,U Dorji,BHU,2,8.00,94.11,-,-,-,-,Right-hand bat,Right-arm medium
96,Allan Craig Douglas,AC Douglas,BMUDA,9,17.25,105.34,-,-,-,-,Right-hand bat,-
97,Travis Montague Dowlin,TM Dowlin,WI,2,68.00,98.55,-,-,-,-,Right-hand bat,Right-arm offbreak
98,Rahul Sharad Dravid,R Dravid,INDIA,1,31.00,147.61,12.0,-,0.00,-,Right-hand bat,Right-arm offbreak
99,Gordon David Drummond,GD Drummond,SCOT,7,7.71,83.07,60.0,-,5.30,-,Right-hand bat,Right-arm medium-fast
100,Shivam Dube,S Dube,INDIA,9,17.50,136.36,1518.0,53.83,2.55,126.5,Left-hand bat,Right-arm medium
101,Ben Matthew Duckett,BM Duckett,ENG,1,9.00,128.57,13300.0,34.63,3.39,61.2,Left-hand bat,Right-arm offbreak
102,Bogdan Dugic,B Dugic,Serb,1,1.00,25.00,300.0,78.00,3.12,150.0,Right-hand bat,Right-arm fast
103,Jean-Paul Duminy,JP Duminy,SA,75,38.68,126.24,-,-,-,-,Left-hand bat,Right-arm offbreak
104,Leslie Adrian Dunbar,LA Dunbar,Serb,2,104.00,167.74,1164.0,30.56,2.52,72.7,Right-hand bat,-
105,Jake Samuel Edward Dunford,JSE Dunford,JER,9,9.00,80.59,1057.0,32.18,2.92,66.0,Right-hand bat,-
106,Ben Robert Dunk,BR Dunk,AUS,5,19.80,143.47,79.0,27.00,4.10,39.5,Left-hand bat,Right-arm offbreak
107,Jonathon Dunn,J Dunn,VAN,3,12.00,87.80,5990.0,41.52,3.24,76.7,Right-hand bat,Right-arm medium
108,Francois du Plessis,F du Plessis,SA/World,47,34.31,134.12,132.0,-,4.77,-,Right-hand bat,Legbreak
109,Ahmet Bora Dursak,AB Dursak,TKY,4,1.00,16.66,84.0,-,4.35,-,Right-hand bat,Right-arm medium-fast
110,Gaurav Dutta,G Dutta,Mex,6,2.33,50.00,3876.0,52.87,2.70,117.4,Right-hand bat,Right-arm medium
111,Nikhil Dutta,N Dutta,CAN,3,15.00,115.38,483.0,172.50,4.28,241.5,Right-hand bat,Right-arm offbreak
112,Philip Steven Eaglestone,PS Eaglestone,IRE,-,-,-,336.0,59.25,4.23,84.0,Left-hand bat,Left-arm medium
113,Kervin R Ebanks,KR Ebanks,Caym,4,3.75,55.55,-,-,-,-,Right-hand bat,Right-arm medium-fast
114,Jekon Edness,J Edness,BMUDA,3,4.33,46.42,462.0,42.62,4.42,57.7,Right-hand bat,-
115,Fidel Henderson Edwards,FH Edwards,WI,4,5.00,111.11,-,-,-,-,Right-hand bat,Right-arm fast
116,Scott Andrew Edwards,SA Edwards,NL,22,23.85,145.85,5306.0,33.12,3.37,58.9,Right-hand bat,-
117,Ehsan Khan,Ehsan Khan,HKG,15,26.71,118.35,12.0,-,2.50,-,Right-hand bat,Right-arm offbreak
118,Ehsan Nawaz,Ehsan Nawaz,HKG,1,0.00,0.00,407.0,70.25,4.14,101.7,Right-hand bat,Right-arm fast-medium
119,Mohammad Elias Sunny,Elias Sunny,BDESH,4,4.50,100.00,4730.0,34.77,3.08,67.5,Left-hand bat,Slow left-arm orthodox
120,Grant David Elliott,GD Elliott,NZ/World,15,15.54,108.91,84.0,69.00,4.92,84.0,Right-hand bat,Right-arm medium
121,Andrew Malcolm Ellis,AM Ellis,NZ,5,8.33,119.04,168.0,85.00,3.03,168.0,Right-hand bat,Right-arm fast-medium
122,Last Emilio,L Emilio,Moz,4,11.00,125.71,324.0,24.50,1.81,81.0,Right-hand bat,-
123,Chris Emmmott,C Emmott,Chile,2,2.00,36.36,708.0,31.33,3.18,59.0,Right-hand bat,Right-arm offbreak
124,Emran Shahbakhsh,Emran Shahbakhsh,Iran,3,1.00,25.00,132.0,-,3.04,-,Right-hand bat,Right-arm medium
125,Rayad Ryan Emrit,RR Emrit,WI,3,5.66,62.96,2902.0,33.02,3.00,65.9,Right-hand bat,Right-arm medium-fast
126,Galkandage Don Romesh Eranga,GDR Eranga,CAN,1,1.00,100.00,84.0,32.00,2.28,84.0,Left-hand bat,Left-arm medium-fast
127,Ranaweera Mudiyanselage Shaminda Eranga,RMS Eranga,SL,1,6.00,85.71,90.0,67.00,4.46,90.0,Right-hand bat,Right-arm fast-medium
128,Merwe Gerhard Erasmus,MG Erasmus,NAM,14,37.00,138.90,-,-,-,-,Right-hand bat,Right-arm offbreak
129,Craig Richard Ervine,CR Ervine,ZIM,23,22.63,100.40,5103.0,35.72,3.19,67.1,Left-hand bat,Right-arm offbreak
130,Ramiro Escobar,R Escobar,Arg,4,22.66,89.47,132.0,-,3.13,-,Right-hand bat,-
131,Alasdair Campbell Evans,AC Evans,SCOT,6,0.20,10.00,720.0,50.66,3.80,80.0,Right-hand bat,Right-arm medium-fast
132,Lester Evile,L Evile,Samoa,1,6.00,85.71,3814.0,20.76,2.44,50.8,Right-hand bat,Right-arm offbreak
133,Fahad Ali,Fahad Ali,,3,1.00,21.42,132.0,-,4.81,-,Right-hand bat,Legbreak
134,Fahad Tariq Raja,Fahad Tariq,UAE,5,4.75,79.16,7619.0,30.47,2.85,64.0,Right-hand bat,Right-arm medium-fast
135,Mahsid Faheem,M Faheem,THAI,3,1.00,42.85,1733.0,60.52,4.40,82.5,-,-
136,Faheem Ashraf,Faheem Ashraf,PAK,18,11.08,120.90,5171.0,24.36,2.99,48.7,Left-hand bat,Right-arm medium
137,Faisal Javed Khan,Faisal Javed,QAT,15,22.00,155.66,-,-,-,-,Right-hand bat,-
138,Faisal Khan,Faisal Khan,Saudi,7,34.33,212.37,4067.0,34.11,2.66,76.7,Right-hand bat,Right-arm medium
139,Faizan Asif,Faizan Asif,UAE,6,13.33,125.00,712.0,38.90,3.27,71.2,Left-hand bat,-
140,Fakhar Zaman,Fakhar Zaman,PAK,33,22.90,136.70,290.0,-,4.13,-,Left-hand bat,Slow left-arm orthodox
141,Md Fakhrul Hussain Mohon,Fakhrul Mohon,PORT,1,0.00,-,-,-,-,-,-,-
142,Faran Afzal,Faran Afzal,ESP,8,20.14,100.71,546.0,31.75,2.79,68.2,Right-hand bat,Right-arm medium
143,Fareed Ahmad Malik,Fareed Ahmad,AFG,1,-,160.00,383.0,29.40,2.30,76.6,Left-hand bat,Left-arm fast-medium
144,Farhad Reza,Farhad Reza,BDESH,9,8.00,81.81,8426.0,40.78,2.81,86.8,Right-hand bat,Right-arm fast-medium
145,Farhan Ahmed,Farhan Ahmed,UAE,1,4.00,50.00,-,-,-,-,Right-hand bat,Slow left-arm orthodox
146,James Peter Faulkner,JP Faulkner,AUS,18,14.45,115.21,-,-,-,-,Right-hand bat,Left-arm fast-medium
147,Fawad Ahmed,Fawad Ahmed,AUS,1,-,60.00,-,-,-,-,Right-hand bat,Legbreak
148,Fawad Alam,Fawad Alam,PAK,17,17.63,114.79,7499.0,52.74,3.58,88.2,Left-hand bat,Slow left-arm orthodox
149,Fayyaz Ahmed,Fayyaz Ahmed,UAE,1,11.00,91.66,630.0,57.60,2.74,126.0,Left-hand bat,Slow left-arm orthodox
150,Ahmad Fayyaz Butt,Fayyaz Butt,OMAN,6,28.50,118.75,-,-,-,-,Right-hand bat,Right-arm medium-fast
151,Fazal Rahman Rahmani,Fazal Niazai,AFG,1,12.00,80.00,1651.0000000000002,79.00,4.01,117.9,Right-hand bat,Right-arm medium
152,Lee Benjamin Ferbrache,LB Ferbrache,GUE,8,17.25,97.18,740.0,56.00,4.08,82.2,Right-hand bat,Right-arm offbreak
153,Hernan Fennell,H Fennell,Arg,5,9.00,117.39,6.0,-,3.00,-,Right-hand bat,Right-arm medium
154,Alejandro Ferguson,A Ferguson,Arg,3,44.00,88.00,150.0,54.00,4.32,75.0,Right-hand bat,-
155,Callum James Ferguson,CJ Ferguson,AUS,3,5.33,84.21,1065.0,51.38,3.76,81.9,Right-hand bat,Right-arm medium
156,Lachlan Hammond Ferguson,LH Ferguson,NZ,1,1.00,33.33,8897.0,27.36,3.32,49.4,Right-hand bat,Right-arm fast
157,Aththachchi Nuwan Pradeep Roshan Fernando,N Pradeep,SL,6,10.00,66.66,-,-,-,-,Right-hand bat,Right-arm fast-medium
158,Binura Fernando,B Fernando,SL,1,-,66.66,601.0,94.00,3.75,150.2,Right-hand bat,Left-arm medium-fast
159,Bodiyabaduge Oshada Piyumal Fernando,BOP Fernando,SL,5,27.25,125.28,-,-,-,-,Right-hand bat,Legbreak
160,Congenige Randhi Dilhara Fernando,CRD Fernando,SL,7,5.00,92.59,-,-,-,-,Right-hand bat,Right-arm fast-medium
161,Muthuthanthrige Vishwa Thilina Fernando,MVT Fernando,SL,1,2.00,100.00,-,-,-,-,Right-hand bat,Left-arm medium-fast
162,Weerahandige Inol Avishka Fernando,WIA Fernando,SL,14,13.92,100.51,192.0,132.00,4.12,192.0,Right-hand bat,Right-arm medium-fast
163,Nicholas John Ferraby,NJ Ferraby,JER,14,23.30,117.89,16498.0,27.66,3.10,53.3,Right-hand bat,Right-arm medium
164,Fiaz Ahmad,Fiaz Ahmad,KUW,1,-,-,623.0,38.25,4.42,51.9,Right-hand bat,Right-arm medium
165,Fiaz Ahmed,Fiaz Ahmed,BHR,8,33.20,130.70,66.0,-,4.54,-,Right-hand bat,-
166,Fida Hussain,Fida Hussain,ITA,1,-,75.00,90.0,-,3.26,-,Right-hand bat,Right-arm medium
167,Aaron James Finch,AJ Finch,AUS,61,38.25,155.87,2489.0,48.00,3.35,85.8,Right-hand bat,Slow left-arm orthodox
168,Shawn Eli Findlay,SE Findlay,WI,2,16.00,103.22,103.00000000000001,-,3.84,-,Left-hand bat,Right-arm medium
169,Steven Thomas Finn,ST Finn,ENG,3,-,73.68,-,-,-,-,Right-hand bat,Right-arm fast-medium
170,Mohd Fitri Bin Mohd Sham,Fitri Sham,MAL,13,6.50,77.61,120.0,-,5.70,-,Left-hand bat,Slow left-arm orthodox
171,James Andrew Fitzgerald,JA Fitzgerald,GIBR,2,-,130.00,90.0,75.00,5.00,90.0,Right-hand bat,Right-arm medium-fast
172,Ryan Flannigan,R Flannigan,SCOT,4,12.66,115.15,12.0,-,7.00,-,Right-hand bat,Right-arm medium
173,Stephen Paul Fleming,SP Fleming,NZ,5,22.00,129.41,42.0,12.00,1.71,42.0,Left-hand bat,-
174,Andre David Stephon Fletcher,ADS Fletcher,WI,40,21.25,108.20,183.0,49.50,3.24,91.5,Right-hand bat,"Right-arm medium-fast, Legbreak"
175,Andrew Flintoff,A Flintoff,ENG,7,12.66,126.66,599.0,35.40,3.54,59.9,Right-hand bat,Right-arm fast-medium
176,Pavel Florin,P Florin,ROM,2,1.00,100.00,108.0,20.00,2.22,54.0,Right-hand bat,Right-arm offbreak
177,Keenan Kadeem Flowers,KK Flowers,Blz,3,10.00,60.60,204.0,-,4.00,-,Right-hand bat,Right-arm medium
178,Clayton Floyd,C Floyd,NL,2,23.00,100.00,25417.000000000004,21.23,2.49,51.0,Right-hand bat,Slow left-arm orthodox
179,Daniel Raymond Flynn,DR Flynn,NZ,5,11.80,115.68,558.0,78.00,3.35,139.5,Left-hand bat,Left-arm slow
180,Benjamin Thomas Foakes,BT Foakes,ENG,-,-,-,-,-,-,-,Right-hand bat,-
181,Christopher Ray Foggo,CR Foggo,BMUDA,3,4.33,76.47,570.0,16.38,2.24,43.8,Right-hand bat,-
182,Bjorn Carl Fortuin,BC Fortuin,SA,2,0.00,0.00,-,-,-,-,Right-hand bat,Slow left-arm orthodox
183,James Savin Foster,JS Foster,ENG,5,12.33,115.62,790.0,62.14,3.30,112.8,Right-hand bat,-
184,Oscar Fournier,O Fournier,CRC,-,-,-,-,-,-,-,Left-hand bat,Right-arm medium
185,James Edward Charles Franklin,JEC Franklin,NZ,31,20.13,118.41,1365.0,63.30,3.61,105.0,Left-hand bat,Left-arm medium
186,Terryn Sunil Fray,TS Fray,BMUDA,10,8.11,76.04,492.0,94.00,3.43,164.0,Right-hand bat,-
187,Julian D Freyone,JD Freyone,GIBR,4,2.00,27.58,1845.0,35.17,3.20,65.8,Right-hand bat,Right-arm medium
188,Chris Fry,C Fry,LUX,1,2.00,33.33,224.99999999999997,90.00,4.80,112.5,Left-hand bat,Right-arm offbreak
189,Jan Nicolaas Frylinck,JN Frylinck,NAM,7,16.33,104.25,-,-,-,-,Left-hand bat,Left-arm fast-medium
190,Robert Frylinck,R Frylinck,SA,-,-,-,114.0,-,3.52,-,Right-hand bat,Right-arm medium
191,Peter Gordon Fulton,PG Fulton,NZ,12,11.54,90.71,-,-,-,-,Right-hand bat,Right-arm medium
192,Shannon Terry Gabriel,ST Gabriel,WI,-,-,-,78.0,-,3.69,-,Right-hand bat,Right-arm fast
193,Georgios Charalampos Galanis,GC Galanis,,1,0.00,0.00,126.0,79.00,3.76,126.0,Left-hand bat,Slow left-arm chinaman
194,Peter Francis Gallagher,PF Gallagher,Fin,3,27.66,122.05,104.0,10.00,2.30,26.0,Right-hand bat,Right-arm offbreak
195,Gautam Gambhir,G Gambhir,INDIA,36,27.41,119.02,574.0,303.00,3.16,574.0,Left-hand bat,Legbreak
196,Aman Rajesh Gandhi,AR Gandhi,KENYA,3,43.00,87.75,-,-,-,-,Right-hand bat,Right-arm offbreak
197,Venkatraman Ganesan,V Ganesan,GER,5,7.20,76.59,1236.0,60.55,2.64,137.3,Left-hand bat,Right-arm offbreak
198,Daren Ganga,D Ganga,WI,1,26.00,83.87,1030.0,94.00,3.28,171.6,Right-hand bat,Right-arm offbreak
199,Cameron John Gannon,CJ Gannon,USA,3,12.00,133.33,12.0,-,5.50,-,Right-hand bat,Right-arm fast-medium
