fullName,scoreName,team,innings,batAvg,batSR,careerBalls,bowlAvg,bowlEcon,bowlSR,batHand,bowlType
Varun Aaron,VR Aaron,INDIA,14,3.88,31.81,1189,52.61,4.77,66,Right-hand bat,Right-arm fast
Kyle Abbott,KJ Abbott,SA,14,6.78,28.1,2081,22.71,2.55,53.3,Right-hand bat,Right-arm fast-medium
Abdul Razzaq,Abdul Razzaq,PAK,59,30.68,44.43,5011,35.82,3.38,63.4,Right-hand bat,Right-arm fast-medium
Abdur Rauf,Abdur Rauf,PAK,6,8.66,30.95,450,46.33,3.7,75,Right-hand bat,Right-arm fast-medium
Abdur Razzak,Abdur Razzak,BDESH,22,15.5,64.92,3015,59.75,3.32,107.6,Left-hand bat,Slow left-arm orthodox
Abdur Rehman,Abdur Rehman,PAK,31,14.1,42.42,6892,29.39,2.53,69.6,Left-hand bat,Slow left-arm orthodox
Abid Ali,Abid Ali,PAK,4,107,57.94,-,-,-,-,Right-hand bat,Legbreak
Abul Hasan,Abul Hasan,BDESH,5,82.5,59.35,528,123.66,4.21,176,Left-hand bat,Right-arm medium-fast
Abu Jayed,Abu Jayed,BDESH,16,2.7,25.96,1394,32.45,3.35,58,Right-hand bat,Right-arm fast-medium
Mark Adair,MR Adair,IRE,2,5.5,45.83,166,16.33,3.54,27.6,Right-hand bat,Right-arm fast
Andre Adams,AR Adams,NZ,2,9,90,190,17.5,3.31,31.6,Right-hand bat,Right-arm fast-medium
Jimmy Adams,JC Adams,WI,2,7.5,39.47,100,-,3.24,-,Left-hand bat,Slow left-arm orthodox
Paul Adams,PR Adams,SA,16,14.16,42.6,2441,35.97,3.53,61,Right-hand bat,Slow left-arm chinaman
Adnan Akmal,Adnan Akmal,PAK,29,24.62,44.07,-,-,-,-,Right-hand bat,-
Afsar Zazai,Afsar Zazai,AFG,6,27,39.94,-,-,-,-,Right-hand bat,-
Aftab Ahmed,Aftab Ahmed,BDESH,31,20.78,49.61,344,47.4,4.13,68.8,Right-hand bat,Right-arm medium
Usman Afzaal,U Afzaal,ENG,6,16.6,60.58,54,49,5.44,54,Left-hand bat,Slow left-arm orthodox
Ashton Agar,AC Agar,AUS,7,32.5,55.55,874,45.55,2.81,97.1,Left-hand bat,Slow left-arm orthodox
Ajit Agarkar,AB Agarkar,INDIA,27,19.69,56.13,3159,52.83,3.71,85.3,Right-hand bat,Right-arm fast
Mayank Agarwal,MA Agarwal,INDIA,17,57.29,55.97,-,-,-,-,Right-hand bat,-
Ahmed Shehzad,Ahmed Shehzad,PAK,25,40.91,50.98,48,-,3.5,-,Right-hand bat,Legbreak
Aizaz Cheema,Aizaz Cheema,PAK,5,-,4.34,1200,31.9,3.19,60,Right-hand bat,Right-arm medium-fast
Akram Khan,Akram Khan,BDESH,14,15.85,37.18,-,-,-,-,Right-hand bat,Right-arm medium
Alamgir Kabir,Alamgir Kabir,BDESH,5,2,9.3,261,-,5.08,-,Right-hand bat,Right-arm medium-fast
Kabir Ali,Kabir Ali,ENG,2,5,35.71,216,27.2,3.77,43.2,Right-hand bat,Right-arm medium-fast
Moeen Ali,MM Ali,ENG,104,28.97,51.12,10972,36.59,3.62,60.6,Left-hand bat,Right-arm offbreak
Alok Kapali,Alok Kapali,BDESH,34,17.69,48.62,1103,118.16,3.85,183.8,Right-hand bat,Legbreak
Al-Amin Hossain,Al-Amin Hossain,BDESH,11,22.5,70.86,1016,60.55,3.21,112.8,Right-hand bat,Right-arm medium-fast
Al Sahariar,Al Sahariar,BDESH,28,23.75,52.03,-,-,-,-,Right-hand bat,Legbreak
Sunil Ambris,SW Ambris,WI,12,15.09,46.62,-,-,-,-,Right-hand bat,-
Tim Ambrose,TR Ambrose,ENG,16,29.8,46.41,-,-,-,-,Right-hand bat,-
Ishara Amerasinghe,MKDI Amerasinghe,SL,2,-,0,150,105,4.2,150,Right-hand bat,Right-arm fast-medium
Aminul Islam,Aminul Islam,BDESH,24,16.47,33.86,198,149,4.51,198,Right-hand bat,Right-arm offbreak
Amir Hamza,Amir Hamza,AFG,2,17.5,36.45,185,13.16,2.56,30.8,Right-hand bat,Slow left-arm orthodox
Hashim Amla,HM Amla,SA,215,46.64,49.97,54,-,4.11,-,Right-hand bat,"Right-arm medium, Right-arm offbreak"
Anamul Haque,Anamul Haque,BDESH,8,9.12,33.18,-,-,-,-,Right-hand bat,-
Corey Anderson,CJ Anderson,NZ,22,32.52,56.86,1302,41.18,3.03,81.3,Left-hand bat,Left-arm medium-fast
James Anderson,JM Anderson,ENG,215,9.68,39.92,33163,26.85,2.86,56.3,Left-hand bat,Right-arm fast-medium
Zafar Ansari,ZS Ansari,ENG,5,9.8,36.02,408,55,4.04,81.6,Left-hand bat,Slow left-arm orthodox
Anwar Hossain Monir,Anwar Hossain Monir,BDESH,6,7.33,30.13,348,-,5.29,-,Right-hand bat,Right-arm fast-medium
Anwar Hossain,Anwar Hossain,BDESH,2,7,31.81,-,-,-,-,Right-hand bat,-
Jofra Archer,JC Archer,ENG,15,8.2,50.82,2040,30.11,3.01,60,Right-hand bat,Right-arm fast
Ariful Haque,Ariful Haque,BDESH,4,29.33,55.34,66,24,2.18,66,Right-hand bat,Right-arm medium-fast
Brent Arnel,BJ Arnel,NZ,12,5.62,30.4,1008,62.88,3.36,112,Right-hand bat,Right-arm medium-fast
Russel Arnold,RP Arnold,SL,33,25.09,49.11,338,42,2.98,84.5,Left-hand bat,Right-arm offbreak
Arshad Khan,Arshad Khan,PAK,1,-,16.66,252,54,2.57,126,Right-hand bat,Right-arm offbreak
Asad Shafiq,Asad Shafiq,PAK,123,39.25,48.63,298,86,3.46,149,Right-hand bat,Right-arm offbreak
Asghar Afghan,Asghar Afghan,AFG,7,35.57,53.77,12,-,8,-,Right-hand bat,Right-arm medium-fast
Ravichandran Ashwin,R Ashwin,INDIA,98,28.1,54.61,19586,25.43,2.84,53.6,Right-hand bat,Right-arm offbreak
Asim Kamal,Asim Kamal,PAK,20,37.73,47.23,-,-,-,-,Left-hand bat,Right-arm offbreak
Nathan Astle,NJ Astle,NZ,61,37.42,54.39,2075,35.63,2.26,94.3,Right-hand bat,Right-arm medium
Todd Astle,TD Astle,NZ,6,19.6,38.13,667,52.57,3.31,95.2,Right-hand bat,Legbreak
Marvan Atapattu,MS Atapattu,SL,87,42.6,46.82,-,-,-,-,Right-hand bat,Legbreak
Mike Atherton,MA Atherton,ENG,19,23.57,37.17,-,-,-,-,Right-hand bat,Legbreak
Ryan Austin,RA Austin,WI,4,9.75,18.05,326,51.66,2.85,108.6,Right-hand bat,Right-arm offbreak
Azhar Ali,Azhar Ali,PAK,147,42.58,41.89,854,76.37,4.29,106.7,Right-hand bat,Legbreak
Azhar Mahmood,Azhar Mahmood,PAK,4,22.25,55.97,204,21.25,2.5,51,Right-hand bat,Right-arm fast-medium
Babar Azam,Babar Azam,PAK,48,45.12,56.9,-,-,-,-,Right-hand bat,Right-arm offbreak
Hemang Badani,HK Badani,INDIA,7,15.66,37.9,48,-,2.12,-,Left-hand bat,Slow left-arm orthodox
S Badrinath,S Badrinath,INDIA,3,21,35.39,-,-,-,-,Right-hand bat,Right-arm offbreak
Sairaj Bahutule,SV Bahutule,INDIA,4,13,37.14,366,67.66,3.32,122,Left-hand bat,Legbreak
George Bailey,GJ Bailey,AUS,8,26.14,58.84,-,-,-,-,Right-hand bat,Right-arm medium
Jonny Bairstow,JM Bairstow,ENG,123,34.74,55.07,-,-,-,-,Right-hand bat,Right-arm medium
Lionel Baker,LS Baker,WI,6,11.5,41.81,660,79,3.59,132,Left-hand bat,Right-arm medium-fast
Lakshmipathy Balaji,L Balaji,INDIA,9,5.66,40.47,1756,37.18,3.43,65,Right-hand bat,Right-arm medium-fast
Andy Balbirnie,A Balbirnie,IRE,6,24.33,59.1,6,-,8,-,Right-hand bat,Right-arm offbreak
Jake Ball,JT Ball,ENG,8,8.37,53.6,612,114.33,3.36,204,Right-hand bat,Right-arm fast-medium
Gary Ballance,GS Ballance,ENG,42,37.45,47.16,12,-,2.5,-,Left-hand bat,Legbreak
Cameron Bancroft,CT Bancroft,AUS,18,26.23,42.8,-,-,-,-,Right-hand bat,-
Malinga Bandara,HMCM Bandara,SL,9,17.71,53.44,1026,34.62,3.23,64.1,Right-hand bat,Legbreak
Niroshan Bandaratilleke,MRCN Bandaratilleke,SL,3,20.5,51.89,426,53.75,3.02,106.5,Right-hand bat,Slow left-arm orthodox
Sanjay Bangar,SB Bangar,INDIA,18,29.37,32.48,762,49,2.7,108.8,Right-hand bat,Right-arm medium-fast
Omari Banks,OAC Banks,WI,16,26.5,38.92,2401,48.82,3.41,85.7,Right-hand bat,Right-arm offbreak
Adrian Barath,AB Barath,WI,28,23.46,47.33,6,-,4,-,Right-hand bat,Right-arm offbreak
Gareth Batty,GJ Batty,ENG,12,14.9,25.68,1714,60.93,3.19,114.2,Right-hand bat,Right-arm offbreak
Carlton Baugh,CS Baugh,WI,36,17.94,50,-,-,-,-,Right-hand bat,Legbreak googly
Temba Bavuma,T Bavuma,SA,67,30.75,48.32,96,61,3.81,96,Right-hand bat,Right-arm medium
Bazid Khan,Bazid Khan,PAK,2,16,68.08,-,-,-,-,Right-hand bat,Right-arm offbreak
Michael Beer,MA Beer,AUS,3,3,21.42,406,59.33,2.63,135.3,Right-hand bat,Slow left-arm orthodox
Ian Bell,IR Bell,ENG,205,42.69,49.46,108,76,4.22,108,Right-hand bat,Right-arm medium
Matthew Bell,MD Bell,NZ,17,31.75,46.26,-,-,-,-,Right-hand bat,Right-arm offbreak
Sulieman Benn,SJ Benn,WI,39,14.29,60.59,7321,39.1,2.78,84.1,Left-hand bat,Slow left-arm orthodox
Hamish Bennett,HK Bennett,NZ,1,4,13.33,90,-,3.13,-,Left-hand bat,Right-arm medium-fast
David Bernard,DE Bernard,WI,6,40.4,53.15,258,46.25,4.3,64.5,Right-hand bat,Right-arm medium-fast
Brandon Bess,BJ Bess,WI,2,11,91.66,78,92,7.07,78,Right-hand bat,Right-arm fast-medium
Dom Bess,DM Bess,ENG,10,27.85,50.91,1259,33.43,2.54,78.6,Right-hand bat,Right-arm offbreak
Tino Best,TL Best,WI,38,12.53,56.79,3716,40.19,3.69,65.1,Right-hand bat,Right-arm fast
Andy Bichel,AJ Bichel,AUS,15,21.21,73.51,2557,29.57,3.4,52.1,Right-hand bat,Right-arm fast-medium
Martin Bicknell,MP Bicknell,ENG,3,6.33,52.77,558,28,3.01,55.8,Right-hand bat,Right-arm fast-medium
Bilal Asif,Bilal Asif,PAK,8,9.12,41.47,1174,26.5,2.16,73.3,Right-hand bat,Right-arm offbreak
Bilawal Bhatti,Bilawal Bhatti,PAK,3,35,45.75,438,48.5,3.98,73,Right-hand bat,Right-arm medium-fast
Stuart Binny,STR Binny,INDIA,10,21.55,58.25,450,86,3.44,150,Right-hand bat,Right-arm medium
Jackson Bird,JM Bird,AUS,9,14.33,30.49,1934,30.64,3.23,56.8,Right-hand bat,Right-arm fast-medium
Devendra Bishoo,D Bishoo,WI,61,15.36,37.15,8067,37.17,3.23,68.9,Left-hand bat,Legbreak
Marlon Black,MI Black,WI,5,3.75,21.12,552,56.66,3.69,92,Right-hand bat,Right-arm fast-medium
Ian Blackwell,ID Blackwell,ENG,1,4,25,114,-,3.73,-,Left-hand bat,Slow left-arm orthodox
Jermaine Blackwood,J Blackwood,WI,55,30.84,58.89,324,97,3.59,162,Right-hand bat,Right-arm offbreak
Andy Blignaut,AM Blignaut,ZIM,36,26.84,68.57,3173,37.05,3.71,59.8,Left-hand bat,Right-arm medium-fast
Tom Blundell,TA Blundell,NZ,11,47.22,49.47,18,-,4.33,-,Right-hand bat,Right-arm offbreak
Nicky Boje,N Boje,SA,49,23.32,50.95,6849,47.64,3.17,90.1,Left-hand bat,Slow left-arm orthodox
Doug Bollinger,DE Bollinger,AUS,14,7.71,33.96,2401,25.92,3.23,48,Left-hand bat,Left-arm fast-medium
Shane Bond,SE Bond,NZ,20,12.92,38.88,3372,22.09,3.41,38.7,Right-hand bat,Right-arm fast
Ravi Bopara,RS Bopara,ENG,19,31.94,52.89,434,290,4,434,Right-hand bat,Right-arm medium
Scott Borthwick,SG Borthwick,ENG,2,2.5,26.31,78,20.5,6.3,19.5,Left-hand bat,Legbreak
Johan Botha,J Botha,SA,6,20.75,34.87,1017,33.7,3.38,59.8,Right-hand bat,Right-arm offbreak
Mark Boucher,MV Boucher,ICC/SA,160,30.5,50.72,8,6,4.5,8,Right-hand bat,Right-arm medium
Trent Boult,TA Boult,NZ,82,15.2,56.86,14874,27.65,2.97,55.7,Right-hand bat,Left-arm fast-medium
Doug Bracewell,DAJ Bracewell,NZ,45,13.85,46.36,4984,38.83,3.36,69.2,Right-hand bat,Right-arm fast-medium
Nathan Bracken,NW Bracken,AUS,6,17.5,62.5,1110,42.08,2.72,92.5,Right-hand bat,Left-arm fast-medium
Grant Bradburn,GE Bradburn,NZ,1,0,0,252,124,2.95,252,Right-hand bat,Right-arm offbreak
Ian Bradshaw,IDR Bradshaw,WI,8,13.71,26.96,1021,60,3.17,113.4,Left-hand bat,Left-arm fast-medium
Carlos Brathwaite,CR Brathwaite,WI,5,45.25,63.73,408,242,3.55,408,Right-hand bat,Right-arm fast-medium
Kraigg Brathwaite,KC Brathwaite,WI,118,33.08,40.98,1940,57.94,3.22,107.7,Right-hand bat,Right-arm offbreak
Dwayne Bravo,DJ Bravo,WI,71,31.42,48.59,6466,39.83,3.17,75.1,Right-hand bat,Right-arm medium
Darren Bravo,DM Bravo,WI,98,37.69,44.95,6,-,2,-,Left-hand bat,Right-arm medium
Gareth Breese,GR Breese,WI,2,2.5,19.23,188,67.5,4.3,94,Right-hand bat,Right-arm offbreak
Gary Brent,GB Brent,ZIM,3,10.66,30.18,450,85,2.26,225,Right-hand bat,Right-arm medium
Tim Bresnan,TT Bresnan,ENG,26,26.13,39.43,4674,32.73,3.02,64.9,Right-hand bat,Right-arm medium-fast
Stuart Broad,SCJ Broad,ENG,205,18.98,65.41,28440,27.94,2.95,56.7,Left-hand bat,Right-arm fast-medium
Shamarh Brooks,SSJ Brooks,WI,11,33.54,47.49,-,-,-,-,Right-hand bat,Legbreak
Neil Broom,NT Broom,NZ,3,10.66,44.44,-,-,-,-,Right-hand bat,Right-arm medium
Courtney Browne,CO Browne,WI,10,13.7,45.81,-,-,-,-,Right-hand bat,-
Dean Brownlie,DG Brownlie,NZ,25,29.62,44.8,66,52,4.72,66,Right-hand bat,Right-arm medium
Jasprit Bumrah,JJ Bumrah,INDIA,21,2.9,21.91,3081,20.33,2.69,45.3,Right-hand bat,Right-arm fast
Ryan Burl,RP Burl,ZIM,2,8,41.02,-,-,-,-,Left-hand bat,Legbreak
Joe Burns,JA Burns,AUS,36,38.3,56.67,-,-,-,-,Right-hand bat,"Right-arm medium, Right-arm offbreak"
Rory Burns,RJ Burns,ENG,34,35.67,44.9,-,-,-,-,Left-hand bat,Right-arm medium
Mark Butcher,MA Butcher,ENG,80,41.01,45.83,569,31,3.92,47.4,Left-hand bat,Right-arm medium
Ian Butler,IG Butler,NZ,10,9.5,46.62,1368,36.83,3.87,57,Right-hand bat,Right-arm fast
Jos Buttler,JC Buttler,ENG,78,31.63,57.51,-,-,-,-,Right-hand bat,-
Andy Caddick,AR Caddick,ENG,34,8.17,40.16,4929,31.74,3.51,54.1,Right-hand bat,Right-arm fast-medium
Chris Cairns,CL Cairns,NZ,21,37.4,83.29,2317,30.1,3.66,49.2,Right-hand bat,Right-arm fast-medium
James Cameron-Dow,J Cameron-Dow,IRE,2,41,58.57,143,39.33,4.95,47.6,Left-hand bat,Slow left-arm orthodox
Alistair Campbell,ADR Campbell,ZIM,23,31.86,45.43,-,-,-,-,Left-hand bat,Right-arm offbreak
John Campbell,JD Campbell,WI,18,25.46,60.06,61,-,2.95,-,Left-hand bat,Right-arm offbreak
Sherwin Campbell,SL Campbell,WI,4,39.75,38.78,-,-,-,-,Right-hand bat,Right-arm medium
Michael Carberry,MA Carberry,ENG,12,28.75,41.31,-,-,-,-,Left-hand bat,Right-arm offbreak
Stuart Carlisle,SV Carlisle,ZIM,42,28.94,37.87,-,-,-,-,Right-hand bat,Right-arm medium
Hilton Cartwright,HWR Cartwright,AUS,2,27.5,44,54,-,3.44,-,Right-hand bat,Right-arm medium
Beau Casson,B Casson,AUS,1,10,22.72,192,43,4.03,64,Right-hand bat,Slow left-arm chinaman
Regis Chakabva,RW Chakabva,ZIM,34,25.18,37.98,-,-,-,-,Right-hand bat,Right-arm offbreak
Dushmantha Chameera,PVD Chameera,SL,15,5.3,27.71,1391,41,4.24,57.9,Right-hand bat,Right-arm fast
Upul Chandana,UDU Chandana,SL,17,29.64,51.79,1843,49.8,3.4,87.7,Right-hand bat,Legbreak
Shivnarine Chanderpaul,S Chanderpaul,WI,205,55.66,44.21,354,62,3.15,118,Left-hand bat,Legbreak
Dinesh Chandimal,LD Chandimal,SL,103,40.81,48.69,-,-,-,-,Right-hand bat,Right-arm offbreak
Rajendra Chandrika,R Chandrika,WI,10,14,31.25,-,-,-,-,Right-hand bat,Right-arm offbreak
Brian Chari,BB Chari,ZIM,14,18.14,39.56,18,-,4,-,Right-hand bat,Right-arm offbreak
Roston Chase,RL Chase,WI,64,30.86,47.57,4922,41.15,3.46,71.3,Right-hand bat,Right-arm offbreak
Tendai Chatara,TL Chatara,ZIM,16,6.42,48.64,1695,27.62,2.34,70.6,Right-hand bat,Right-arm fast-medium
Sewnarine Chattergoon,S Chattergoon,WI,7,18.14,43.94,-,-,-,-,Left-hand bat,Legbreak
Piyush Chawla,PP Chawla,INDIA,3,2,26.08,492,38.57,3.29,70.2,Left-hand bat,Legbreak
Chamu Chibhabha,CJ Chibhabha,ZIM,6,20.66,36.36,246,162,3.95,246,Right-hand bat,Right-arm medium
Elton Chigumbura,E Chigumbura,ZIM,27,21.07,50.22,1806,46,3.2,86,Right-hand bat,Right-arm fast-medium
Michael Chinouya,MT Chinouya,ZIM,4,0.5,2.94,342,62.66,3.29,114,Right-hand bat,Right-arm fast-medium
Tendai Chisoro,TS Chisoro,ZIM,1,9,60,248,37.66,2.73,82.6,Left-hand bat,"Left-arm fast-medium, Slow left-arm orthodox"
Aakash Chopra,A Chopra,INDIA,19,23,34.6,-,-,-,-,Right-hand bat,"Right-arm medium, Right-arm offbreak"
Stuart Clark,SR Clark,AUS,26,13.05,70.05,5146,23.86,2.61,54.7,Right-hand bat,Right-arm fast-medium
Michael Clarke,MJ Clarke,AUS,198,49.1,55.92,2435,38.19,2.91,78.5,Right-hand bat,Slow left-arm orthodox
Rikki Clarke,R Clarke,ENG,3,32,37.94,174,15,2.06,43.5,Right-hand bat,Right-arm medium-fast
Paul Collingwood,PD Collingwood,ENG,115,40.56,46.44,1905,59.88,3.2,112,Right-hand bat,Right-arm medium
Pedro Collins,PT Collins,WI,42,6.31,35.36,6286,33.76,3.15,64.1,Right-hand bat,Left-arm fast-medium
Corey Collymore,CD Collymore,WI,50,7.5,30.92,6091,31.46,2.85,66.2,Right-hand bat,Right-arm fast-medium
Nick Compton,NRD Compton,ENG,30,28.7,36.04,-,-,-,-,Right-hand bat,Right-arm offbreak
Sir Alastair Cook,AN Cook,ENG,291,45.35,46.95,18,7,2.33,18,Left-hand bat,Right-arm slow
Stephen Cook,SC Cook,SA,19,33.26,45.07,12,-,8,-,Right-hand bat,Right-arm medium
Trent Copeland,TA Copeland,AUS,4,13,50.64,648,37.83,2.1,108,Right-hand bat,Right-arm fast-medium
Dominic Cork,DG Cork,ENG,8,17.5,50.9,1056,41.76,3.08,81.2,Right-hand bat,Right-arm fast-medium
Rahkeem Cornwall,RRS Cornwall,WI,5,6.4,52.45,921,35.23,2.98,70.8,Right-hand bat,Right-arm offbreak
Sheldon Cottrell,SS Cottrell,WI,4,2.75,45.83,276,98,4.26,138,Right-hand bat,Left-arm fast-medium
Charles Coventry,CK Coventry,ZIM,4,22,94.62,-,-,-,-,Right-hand bat,Legbreak
Ed Cowan,EJM Cowan,AUS,32,31.28,41.27,-,-,-,-,Left-hand bat,Legbreak
Mark Craig,MD Craig,NZ,25,36.81,54.38,3669,46.52,3.8,73.3,Left-hand bat,Right-arm offbreak
Mason Crane,MS Crane,ENG,2,3,54.54,288,193,4.02,288,Right-hand bat,Legbreak googly
John Crawley,JP Crawley,ENG,14,47.1,41.68,-,-,-,-,Right-hand bat,Right-arm medium
Zak Crawley,Z Crawley,ENG,10,26.1,48.87,-,-,-,-,Right-hand bat,Right-arm offbreak
Graeme Cremer,AG Cremer,ZIM,38,16.36,32.58,4214,45.68,3.7,73.9,Right-hand bat,Legbreak googly
Robert Croft,RDB Croft,ENG,7,13.33,25.72,684,26.8,2.35,68.4,Right-hand bat,Right-arm offbreak
Cameron Cuffy,CE Cuffy,WI,18,4.72,23,2854,31.91,2.41,79.2,Right-hand bat,Right-arm fast
Dan Cullen,DJ Cullen,AUS,-,-,-,84,54,3.85,84,Right-hand bat,Right-arm offbreak
Daryll Cullinan,DJ Cullinan,SA,12,56.27,46.26,-,-,-,-,Right-hand bat,Right-arm offbreak
Craig Cumming,CD Cumming,NZ,19,25.94,34.86,-,-,-,-,Right-hand bat,-
Miguel Cummins,ML Cummins,WI,22,7.6,35.51,1976,40.14,3.29,73.1,Left-hand bat,Right-arm fast-medium
Pat Cummins,PJ Cummins,AUS,44,17.02,38.51,6761,21.82,2.76,47.2,Right-hand bat,Right-arm fast
Sam Curran,SM Curran,ENG,31,26.96,65.4,2326,31.82,3.28,58.1,Left-hand bat,Left-arm medium-fast
Tom Curran,TK Curran,ENG,3,33,55,396,100,3.03,198,Right-hand bat,Right-arm fast-medium
Keith Dabengwa,KM Dabengwa,ZIM,6,15,64.28,438,49.8,3.41,87.6,Left-hand bat,Slow left-arm orthodox
Akila Dananjaya,A Dananjaya,SL,10,16.87,53.14,1385,24.81,3.54,41.9,Left-hand bat,"Right-arm offbreak, Legbreak"
Danish Kaneria,Danish Kaneria,PAK,81,7.04,48.61,17151,34.49,3.1,66.7,Right-hand bat,Legbreak
Shiv Sunder Das,SS Das,INDIA,35,32.44,37.05,48,-,3.5,-,Right-hand bat,Right-arm medium
Deep Dasgupta,D Dasgupta,INDIA,13,28.66,30.55,-,-,-,-,Right-hand bat,-
Alan Dawson,AC Dawson,SA,1,10,23.8,252,23.4,2.78,50.4,Right-hand bat,Right-arm medium-fast
Liam Dawson,LA Dawson,ENG,6,21,42.63,526,42.57,3.39,75.1,Right-hand bat,Slow left-arm orthodox
Richard Dawson,RKJ Dawson,ENG,13,11.4,31.4,1116,61.54,3.63,101.4,Right-hand bat,Right-arm offbreak
Theunis de Bruyn,TB de Bruyn,SA,23,19.45,46.87,102,-,4.35,-,Right-hand bat,Right-arm medium-fast
Zander de Bruyn,Z de Bruyn,SA,5,38.75,37.89,216,30.66,2.55,72,Right-hand bat,Right-arm fast-medium
Colin de Grandhomme,C de Grandhomme,NZ,36,37.03,81.72,3683,31.63,2.42,78.3,Right-hand bat,Right-arm medium-fast
Quinton de Kock,Q de Kock,SA,80,39.12,70.95,-,-,-,-,Left-hand bat,-
Marchant de Lange,M de Lange,SA,2,4.5,47.36,448,30.77,3.7,49.7,Right-hand bat,Right-arm fast
Joe Denly,JL Denly,ENG,28,29.53,39.64,390,109.5,3.36,195,Right-hand bat,Legbreak
Narsingh Deonarine,N Deonarine,WI,30,25.89,41.95,1503,29.7,2.84,62.6,Left-hand bat,Right-arm offbreak
Dhananjaya de Silva,DM de Silva,SL,57,35.15,56.66,1957,51.95,3.34,93.1,Right-hand bat,Right-arm offbreak
Aravinda de Silva,PA de Silva,SL,13,48.69,53.78,279,58.5,2.51,139.5,Right-hand bat,Right-arm offbreak
Sujeewa de Silva,WRS de Silva,SL,2,10,26.31,432,19,2.9,39.2,Right-hand bat,Left-arm medium-fast
AB de Villiers,AB de Villiers,SA,191,50.66,54.51,204,52,3.05,102,Right-hand bat,Right-arm medium
Friedel de Wet,F de Wet,SA,2,10,28.16,426,31,2.61,71,Right-hand bat,Right-arm fast-medium
Kumar Dharmasena,HDPK Dharmasena,SL,12,17.09,32.19,1764,58.21,2.77,126,Right-hand bat,Right-arm offbreak
Shikhar Dhawan,S Dhawan,INDIA,58,40.61,66.94,54,-,2,-,Left-hand bat,Right-arm offbreak
MS Dhoni,MS Dhoni,INDIA,144,38.09,59.11,96,-,4.18,-,Right-hand bat,Right-arm medium
Niroshan Dickwella,N Dickwella,SL,66,30.98,67.28,-,-,-,-,Left-hand bat,-
Sameer Dighe,SS Dighe,INDIA,10,15.66,38.31,-,-,-,-,Right-hand bat,-
Mervyn Dillon,M Dillon,WI,47,8.71,36.12,6522,33.79,2.92,69.3,Right-hand bat,Right-arm fast-medium
Tillakaratne Dilshan,TM Dilshan,SL,135,41.21,68.09,3385,43.87,3.03,86.7,Right-hand bat,Right-arm offbreak
Boeta Dippenaar,HH Dippenaar,SA,53,30.62,41.45,12,-,0.5,-,Right-hand bat,Right-arm offbreak
George Dockrell,GH Dockrell,IRE,2,32,35.75,240,60.5,3.02,120,Right-hand bat,Slow left-arm orthodox
Xavier Doherty,XJ Doherty,AUS,7,12.75,32.07,918,78.28,3.58,131.1,Left-hand bat,Slow left-arm orthodox
Allan Donald,AA Donald,SA,14,7.5,29.29,1460,33.27,3,66.3,Right-hand bat,Right-arm fast
Alex Doolan,AJ Doolan,AUS,8,23.87,41.97,-,-,-,-,Right-hand bat,-
Travis Dowlin,TM Dowlin,WI,11,31.18,46.22,6,-,3,-,Right-hand bat,Right-arm offbreak
Shane Dowrich,SO Dowrich,WI,62,29.07,46.99,-,-,-,-,Right-hand bat,-
Vasbert Drakes,VC Drakes,WI,20,21.44,47.13,2617,41.27,3.12,79.3,Right-hand bat,Right-arm fast
Rahul Dravid,R Dravid,ICC/INDIA,217,51.9,43.25,54,18,2,54,Right-hand bat,Right-arm offbreak
Chris Drum,CJ Drum,NZ,5,3.33,10.98,806,30.12,3.58,50.3,Right-hand bat,Right-arm fast-medium
Ben Duckett,BM Duckett,ENG,7,15.71,57.89,-,-,-,-,Left-hand bat,Right-arm offbreak
Terry Duffin,T Duffin,ZIM,4,20,44.69,-,-,-,-,Left-hand bat,Right-arm medium
Jean-Paul Duminy,JP Duminy,SA,74,32.85,46.28,2703,38.11,3.55,64.3,Left-hand bat,Right-arm offbreak
Faf du Plessis,F du Plessis,SA,112,39.8,45.45,78,-,5.3,-,Right-hand bat,Legbreak
Ebadot Hossain,Ebadat Hossain,BDESH,10,0.66,11.42,852,89.33,3.77,142,Right-hand bat,Right-arm fast-medium
Dion Ebrahim,DD Ebrahim,ZIM,55,22.68,39.31,-,-,-,-,Right-hand bat,Right-arm medium
Fidel Edwards,FH Edwards,WI,88,6.56,28.2,9602,37.87,3.9,58.1,Right-hand bat,Right-arm fast
Kirk Edwards,KA Edwards,WI,32,31.8,48.05,24,-,4.75,-,Right-hand bat,Right-arm offbreak
Ehsanul Haque,Ehsanul Haque,BDESH,2,3.5,22.58,18,-,6,-,Right-hand bat,Right-arm offbreak
Ehsan Adil,Ehsan Adil,PAK,4,5.25,51.21,481,52.6,3.28,96.2,Right-hand bat,Right-arm fast-medium
Dean Elgar,D Elgar,SA,110,38.49,45.89,1023,43.93,3.86,68.2,Left-hand bat,Slow left-arm orthodox
Elias Sunny,Elias Sunny,BDESH,6,7.6,26.57,863,43.16,3.6,71.9,Left-hand bat,Slow left-arm orthodox
Grant Elliott,GD Elliott,NZ,9,10.75,26.7,282,35,2.97,70.5,Right-hand bat,Right-arm medium
Matthew Elliott,MTG Elliott,AUS,2,0.5,9.09,-,-,-,-,Left-hand bat,Left-arm medium
Steve Elworthy,S Elworthy,SA,2,5.5,45.83,351,51.5,3.52,87.7,Right-hand bat,Right-arm fast-medium
Lasith Embuldeniya,L Embuldeniya,SL,9,6.22,31.11,2031,39.8,3.52,67.7,Left-hand bat,Slow left-arm orthodox
Enamul Haque,Enamul Haque,BDESH,19,12,34.61,2230,57.05,2.76,123.8,Left-hand bat,Slow left-arm orthodox
Enamul Haque jnr,Enamul Haque jnr,BDESH,26,5.9,21.77,3555,40.61,3.01,80.7,Right-hand bat,Slow left-arm orthodox
Shaminda Eranga,RMS Eranga,SL,26,12.86,41.15,3891,37.5,3.29,68.2,Right-hand bat,Right-arm fast-medium
Craig Ervine,CR Ervine,ZIM,36,35.52,49.2,-,-,-,-,Left-hand bat,Right-arm offbreak
Sean Ervine,SM Ervine,ZIM,8,32.62,55.41,570,43.11,4.08,63.3,Left-hand bat,"Right-arm medium, Right-arm offbreak"
Craig Evans,CN Evans,ZIM,2,13.5,33.75,-,-,-,-,Right-hand bat,Right-arm medium
Gavin Ewing,GM Ewing,ZIM,6,18,62.06,426,130,3.66,213,Right-hand bat,Right-arm offbreak
Faheem Ashraf,Faheem Ashraf,PAK,6,23,70.05,540,26.09,3.18,49,Left-hand bat,Right-arm medium
Fahim Muntasir,Fahim Muntasir,BDESH,6,8.66,60.46,576,68.4,3.56,115.2,Right-hand bat,Right-arm offbreak
Faisal Hossain,Faisal Hossain,BDESH,2,3.5,25.92,-,-,-,-,Left-hand bat,Slow left-arm orthodox
Faisal Iqbal,Faisal Iqbal,PAK,44,26.76,44.16,6,-,7,-,Right-hand bat,Right-arm offbreak
Fakhar Zaman,Fakhar Zaman,PAK,6,32,53.48,-,-,-,-,Left-hand bat,Slow left-arm orthodox
Farhan Adil,Farhan Adil,PAK,2,16.5,47.82,-,-,-,-,Right-hand bat,Right-arm offbreak
James Faulkner,JP Faulkner,AUS,2,22.5,104.65,166,16.33,3.54,27.6,Right-hand bat,Left-arm fast-medium
Fawad Alam,Fawad Alam,PAK,6,41.66,56.68,-,-,-,-,Left-hand bat,Slow left-arm orthodox
Fazl-e-Akbar,Fazl-e-Akbar,PAK,5,12.33,41.11,642,51.42,3.36,91.7,Right-hand bat,Right-arm fast-medium
Callum Ferguson,CJ Ferguson,AUS,2,2,17.39,-,-,-,-,Right-hand bat,Right-arm medium
Lockie Ferguson,LH Ferguson,NZ,2,-,11.11,66,-,4.27,-,Right-hand bat,Right-arm fast
Nuwan Pradeep,N Pradeep,SL,50,4,36.56,5077,42.9,3.54,72.5,Right-hand bat,Right-arm fast-medium
Oshada Fernando,BOP Fernando,SL,11,43.66,50,18,-,6.33,-,Right-hand bat,Legbreak
Dilhara Fernando,CRD Fernando,SL,44,8.24,35.09,5804,38.81,3.69,63,Right-hand bat,Right-arm fast-medium
Dinusha Fernando,KADM Fernando,SL,3,28,43.41,126,107,5.09,126,Right-hand bat,Right-arm fast-medium
Hasantha Fernando,KHRK Fernando,SL,4,9.5,48.1,234,27,2.76,58.5,Right-hand bat,Right-arm medium-fast
Vishwa Fernando,MVT Fernando,SL,12,9,26.86,1293,33.56,3.58,56.2,Right-hand bat,Left-arm medium-fast
Charitha Buddhika,TCB Fernando,SL,8,26.4,39.75,1270,44,3.74,70.5,Right-hand bat,Right-arm fast-medium
Neil Ferreira,NR Ferreira,ZIM,2,10.5,21.21,-,-,-,-,Left-hand bat,Right-arm offbreak
Aaron Finch,AJ Finch,AUS,10,27.8,44.98,12,-,4,-,Right-hand bat,Slow left-arm orthodox
Steven Finn,ST Finn,ENG,47,11.16,30.96,6412,30.4,3.55,51.2,Right-hand bat,Right-arm fast-medium
Damien Fleming,DW Fleming,AUS,1,6,28.57,180,99,3.3,180,Right-hand bat,Right-arm fast-medium
Stephen Fleming,SP Fleming,NZ,89,44.11,49.8,-,-,-,-,Left-hand bat,-
Andrew Flintoff,A Flintoff,ENG/ICC,116,33.75,62.73,14124,32.07,2.98,64.4,Right-hand bat,Right-arm fast-medium
Andy Flower,A Flower,ZIM,26,53.13,54.22,2,-,12,-,Left-hand bat,Right-arm offbreak
Grant Flower,GW Flower,ZIM,37,27.48,34.65,1537,45.25,2.82,96,Right-hand bat,Slow left-arm orthodox
Daniel Flynn,DR Flynn,NZ,45,25.95,40.23,6,-,0,-,Left-hand bat,Left-arm slow
Ben Foakes,BT Foakes,ENG,10,41.5,53.8,-,-,-,-,Right-hand bat,-
James Foster,JS Foster,ENG,12,25.11,34.55,-,-,-,-,Right-hand bat,-
James Franklin,JEC Franklin,NZ,46,20.71,37.35,4767,33.97,3.5,58.1,Left-hand bat,Left-arm medium
Travis Friend,TJ Friend,ZIM,19,29.8,43.82,2000,43.6,3.27,80,Right-hand bat,Right-arm fast-medium
Assad Fudadin,AB Fudadin,WI,5,30.5,32.1,30,-,2.2,-,Left-hand bat,Right-arm medium-fast
Peter Fulton,PG Fulton,NZ,39,25.44,39.27,-,-,-,-,Right-hand bat,Right-arm medium
Shannon Gabriel,ST Gabriel,WI,71,4.63,36.36,7823,30.76,3.39,54.3,Right-hand bat,Right-arm fast
Lahiru Gamage,PLS Gamage,SL,8,1.5,6.06,1112,57.3,3.09,111.2,Right-hand bat,Right-arm fast-medium
Gautam Gambhir,G Gambhir,INDIA,104,41.95,51.49,12,-,2,-,Left-hand bat,Legbreak
Daren Ganga,D Ganga,WI,72,28.25,40.39,186,106,3.41,186,Right-hand bat,Right-arm offbreak
Sourav Ganguly,SC Ganguly,INDIA,124,39.83,53.4,1800,80,3.2,150,Left-hand bat,Right-arm medium
Leon Garrick,LV Garrick,WI,2,13.5,35.52,-,-,-,-,Right-hand bat,Right-arm medium
Chris Gayle,CH Gayle,WI,177,43.1,60.51,6851,43.76,2.64,99.2,Left-hand bat,Right-arm offbreak
Peter George,PR George,AUS,2,1,18.18,168,38.5,2.75,84,Right-hand bat,Right-arm fast-medium
Herschelle Gibbs,HH Gibbs,SA,119,44.85,52.01,6,-,4,-,Right-hand bat,Right-arm bowler
Adam Gilchrist,AC Gilchrist,AUS,118,46.93,83.45,-,-,-,-,Left-hand bat,Right-arm offbreak
Ashley Giles,AF Giles,ENG,76,20.73,47.11,10872,42.32,2.91,86.9,Right-hand bat,Slow left-arm orthodox
Jason Gillespie,JN Gillespie,AUS,68,19.16,33.51,11384,28.24,2.84,59.6,Right-hand bat,Right-arm fast
Mark Gillespie,MR Gillespie,NZ,8,10.85,56.71,868,28.68,4.36,39.4,Right-hand bat,Right-arm fast-medium
Darren Gough,D Gough,ENG,19,13.07,51.11,2212,31,3.86,48,Right-hand bat,Right-arm fast-medium
Trevor Gripper,TR Gripper,ZIM,24,27.56,38.8,669,85.6,3.83,133.8,Right-hand bat,Right-arm offbreak
Asela Gunaratne,DAS Gunaratne,SL,10,56.87,52.84,156,38,4.38,52,Right-hand bat,Right-arm medium-fast
Danushka Gunathilaka,MD Gunathilaka,SL,16,18.68,50.08,198,111,3.36,198,Left-hand bat,Right-arm offbreak
Avishka Gunawardene,DA Gunawardene,SL,7,13.85,45.75,-,-,-,-,Left-hand bat,-
Martin Guptill,MJ Guptill,NZ,89,29.38,46.61,428,37.25,4.17,53.5,Right-hand bat,Right-arm offbreak
Habibul Bashar,Habibul Bashar,BDESH,97,30.46,60.37,234,-,4.56,-,Right-hand bat,Right-arm offbreak
Brad Haddin,BJ Haddin,AUS,112,32.98,58.45,-,-,-,-,Right-hand bat,-
Alex Hales,AD Hales,ENG,21,27.28,43.84,18,-,0.66,-,Right-hand bat,Right-arm medium
Andrew Hall,AJ Hall,SA,33,26.2,46.06,3001,35.93,3.23,66.6,Right-hand bat,Right-arm fast-medium
Haseeb Hameed,H Hameed,ENG,6,43.8,34.21,-,-,-,-,Right-hand bat,Legbreak
Jahmar Hamilton,JN Hamilton,WI,2,2.5,8.19,-,-,-,-,Right-hand bat,-
Peter Handscomb,PSP Handscomb,AUS,29,38.91,49.83,-,-,-,-,Right-hand bat,-
Hannan Sarkar,Hannan Sarkar,BDESH,33,20.06,46.65,-,-,-,-,Right-hand bat,Right-arm medium
Harbhajan Singh,Harbhajan Singh,INDIA,134,18.74,65.58,26866,32.13,2.84,67.8,Right-hand bat,Right-arm offbreak
Haris Sohail,Haris Sohail,PAK,23,37.22,45.02,594,21.15,2.77,45.6,Left-hand bat,Slow left-arm orthodox
Simon Harmer,SR Harmer,SA,6,11.6,33.33,1148,29.4,3.07,57.4,Right-hand bat,Right-arm offbreak
Steve Harmison,SJ Harmison,ENG/ICC,86,11.79,57.19,13375,31.82,3.22,59.1,Right-hand bat,Right-arm fast-medium
Chris Harris,CZ Harris,NZ,8,24.37,39.15,318,166,3.13,318,Left-hand bat,Right-arm medium
Marcus Harris,MS Harris,AUS,17,24.06,52.23,-,-,-,-,Left-hand bat,-
Paul Harris,PL Harris,SA,48,10.69,33.89,8809,37.87,2.65,85.5,Right-hand bat,Slow left-arm orthodox
Ryan Harris,RJ Harris,AUS,39,21.53,63.14,5736,23.52,2.78,50.7,Right-hand bat,Right-arm fast
Robbie Hart,RG Hart,NZ,19,16.25,25.69,-,-,-,-,Right-hand bat,-
Harvinder Singh,Harvinder Singh,INDIA,1,6,35.29,135,43.5,3.86,67.5,Right-hand bat,Right-arm fast-medium
Hasan Ali,Hasan Ali,PAK,15,15.5,93.93,1737,28.9,3.09,56,Right-hand bat,Right-arm medium-fast
Hasan Raza,Hasan Raza,PAK,8,29.28,38.38,6,-,1,-,Right-hand bat,Right-arm offbreak
Hashmatullah Shahidi,Hashmatullah Shahidi,AFG,6,34.5,41.07,-,-,-,-,Left-hand bat,Right-arm offbreak
Hasibul Hossain,Hasibul Hossain,BDESH,8,8.62,88.46,630,96,4.57,126,Right-hand bat,Right-arm fast-medium
John Hastings,JW Hastings,AUS,2,26,59.09,234,153,3.92,234,Right-hand bat,Right-arm fast-medium
Nathan Hauritz,NM Hauritz,AUS,24,25.05,49.88,4200,34.98,3.14,66.6,Right-hand bat,Right-arm offbreak
Matthew Hayden,ML Hayden,AUS,164,53.98,61.19,42,-,4.42,-,Left-hand bat,Right-arm medium
Nantie Hayward,M Hayward,SA,10,6.66,33.33,1787,31.48,3.7,51,Right-hand bat,Right-arm fast
Josh Hazlewood,JR Hazlewood,AUS,62,12.18,44.27,11019,26.2,2.78,56.5,Left-hand bat,Right-arm fast-medium
Travis Head,TM Head,AUS,28,41.96,50.41,126,-,3.61,-,Left-hand bat,Right-arm offbreak
Claude Henderson,CW Henderson,SA,7,9.28,32.17,1962,42.18,2.83,89.1,Right-hand bat,Slow left-arm orthodox
Beuran Hendricks,BE Hendricks,SA,2,9,50,231,29.16,4.54,38.5,Left-hand bat,Left-arm fast-medium
Moises Henriques,MC Henriques,AUS,8,23.42,47.39,330,82,2.98,165,Right-hand bat,Right-arm fast-medium
Matt Henry,MJ Henry,NZ,16,18.66,76.45,2761,50.16,3.27,92,Right-hand bat,Right-arm fast-medium
Rangana Herath,HMRKB Herath,SL,141,15,50.19,25360,27.74,2.8,59.3,Left-hand bat,Slow left-arm orthodox
Shimron Hetmyer,SO Hetmyer,WI,30,27.93,73.63,-,-,-,-,Left-hand bat,-
Dinuka Hettiarachchi,D Hettiarachchi,SL,2,0,0,162,20.5,1.51,81,Right-hand bat,Slow left-arm orthodox
Graeme Hick,GA Hick,ENG,4,6.75,26.47,24,-,2,-,Right-hand bat,Right-arm offbreak
Ben Hilfenhaus,BW Hilfenhaus,AUS,38,13.65,54.19,6078,28.5,2.78,61.3,Right-hand bat,Right-arm fast-medium
Ryan Hinds,RO Hinds,WI,25,21.04,40.56,1743,66.92,2.99,134,Left-hand bat,Slow left-arm orthodox
Wavell Hinds,WW Hinds,WI,57,33.7,48.22,1123,36.87,3.15,70.1,Left-hand bat,Right-arm medium
Brad Hodge,BJ Hodge,AUS,11,55.88,52.12,12,-,4,-,Right-hand bat,Right-arm offbreak
Brad Hogg,GB Hogg,AUS,8,36.2,54.02,1422,54,3.64,88.8,Left-hand bat,Slow left-arm chinaman
Matthew Hoggard,MJ Hoggard,ENG,91,7.09,22.24,13831,30.3,3.26,55.7,Right-hand bat,Right-arm fast-medium
Jason Holder,JO Holder,WI,75,31.93,59.22,7212,26.69,2.57,62.1,Right-hand bat,Right-arm medium-fast
Jon Holland,JM Holland,AUS,7,3,13.04,960,63.77,3.58,106.6,Right-hand bat,Slow left-arm orthodox
Douglas Hondo,DT Hondo,ZIM,15,9.22,24.55,1486,36.85,3.12,70.7,Right-hand bat,Right-arm fast-medium
Carl Hooper,CL Hooper,WI,37,45.97,48.62,3395,60.14,2.23,161.6,Right-hand bat,Right-arm offbreak
Kyle Hope,KA Hope,WI,9,11.22,40.4,-,-,-,-,Right-hand bat,Right-arm offbreak
Shai Hope,SD Hope,WI,64,26.27,42.27,-,-,-,-,Right-hand bat,-
Gareth Hopkins,GJ Hopkins,NZ,7,11.83,25.63,-,-,-,-,Right-hand bat,-
Matt Horne,MJ Horne,NZ,11,16.36,34.22,-,-,-,-,Right-hand bat,Right-arm medium
Jamie How,JM How,NZ,35,22.7,50.45,12,-,2,-,Right-hand bat,"Right-arm medium, Right-arm offbreak"
Phillip Hughes,PJ Hughes,AUS,49,32.65,53.55,-,-,-,-,Left-hand bat,-
Humayun Farhat,Humayun Farhat,PAK,2,27,84.37,-,-,-,-,Right-hand bat,-
Nasser Hussain,N Hussain,ENG,71,39.48,43.12,-,-,-,-,Right-hand bat,Legbreak
Michael Hussey,MEK Hussey,AUS,137,51.52,50.13,588,43.71,3.12,84,Left-hand bat,Right-arm medium
Ibrahim Zadran,Ibrahim Zadran,AFG,4,37,38.14,-,-,-,-,Right-hand bat,Right-arm medium-fast
Iftikhar Ahmed,Iftikhar Ahmed,PAK,5,9.6,39.34,188,141,4.5,188,Right-hand bat,Right-arm offbreak
Iftikhar Anjum,Iftikhar Anjum,PAK,1,-,23.07,84,-,4.42,-,Right-hand bat,Right-arm medium
Ihsanullah,Ihsanullah,AFG,6,22,43.47,-,-,-,-,Right-hand bat,-
Ijaz Ahmed,Ijaz Ahmed,PAK,3,11,33,-,-,-,-,Right-hand bat,Left-arm medium
Ikram Alikhil,Ikram Alikhil,AFG,1,7,17.5,-,-,-,-,Left-hand bat,-
Imam-ul-Haq,Imam-ul-Haq,PAK,21,25.52,46.54,-,-,-,-,Left-hand bat,-
Imran Farhat,Imran Farhat,PAK,77,32,48.28,427,94.66,3.99,142.3,Left-hand bat,Legbreak
Imran Khan,Imran Khan,PAK,10,2.28,32,1636,31.62,3.36,56.4,Right-hand bat,Right-arm medium-fast
Imran Nazir,Imran Nazir,PAK,5,36.6,55.62,-,-,-,-,Right-hand bat,Legbreak
Imran Tahir,Imran Tahir,SA,23,9.28,55.31,3925,40.24,3.5,68.8,Right-hand bat,Legbreak googly
Imrul Kayes,Imrul Kayes,BDESH,76,24.28,48.02,24,-,3,-,Left-hand bat,Slow left-arm orthodox
Peter Ingram,PJ Ingram,NZ,4,15.25,40.39,-,-,-,-,Right-hand bat,Right-arm offbreak
Inzamam-ul-Haq,Inzamam-ul-Haq,ICC/PAK,84,54.36,57.16,-,-,-,-,Right-hand bat,Slow left-arm orthodox
Ridley Jacobs,RD Jacobs,WI,67,31.35,49.58,-,-,-,-,Left-hand bat,-
Ravindra Jadeja,RA Jadeja,INDIA,71,35.26,63.76,12912,24.62,2.43,60.6,Left-hand bat,Slow left-arm orthodox
Wasim Jaffer,W Jaffer,INDIA,54,35.81,48.74,66,9,1.63,33,Right-hand bat,Right-arm offbreak
Amit Jaggernauth,AS Jaggernauth,WI,2,0,0,138,96,4.17,138,Left-hand bat,Right-arm offbreak
Jahurul Islam,Jahurul Islam,BDESH,14,26.69,38.47,-,-,-,-,Right-hand bat,Right-arm offbreak
Kyle Jamieson,KA Jamieson,NZ,2,46.5,86.11,342,16.33,2.57,38,Right-hand bat,Right-arm medium
Phil Jaques,PA Jaques,AUS,19,47.47,54.23,-,-,-,-,Left-hand bat,Left-arm medium
Kyle Jarvis,KM Jarvis,ZIM,24,9.14,33.33,2511,29.43,3.23,54.5,Right-hand bat,Right-arm fast-medium
Javed Ahmadi,Javed Ahmadi,AFG,4,26.25,54.4,6,-,9,-,Right-hand bat,Right-arm offbreak
Javed Omar,Javed Omar,BDESH,80,22.05,38.14,6,-,12,-,Right-hand bat,Legbreak
Udara Jayasundera,MDUS Jayasundera,SL,4,7.5,38.96,42,-,6.42,-,Left-hand bat,Legbreak
Sanath Jayasuriya,ST Jayasuriya,SL,96,38.46,66.69,4837,30.29,2.29,79.2,Left-hand bat,Slow left-arm orthodox
Mahela Jayawardene,DPMD Jayawardene,SL,212,50.95,51.96,185,50,3.24,92.5,Right-hand bat,Right-arm medium
Prasanna Jayawardene,HAPW Jayawardene,SL,83,29.5,48.7,-,-,-,-,Right-hand bat,-
Keaton Jennings,KK Jennings,ENG,32,25.19,42.49,73,-,4.52,-,Left-hand bat,Right-arm medium-fast
Leon Johnson,LR Johnson,WI,16,25.18,48.43,24,-,2.25,-,Left-hand bat,Legbreak
Mitchell Johnson,MG Johnson,AUS,109,22.2,58.39,16001,28.4,3.33,51.1,Left-hand bat,Left-arm fast
Richard Johnson,RL Johnson,ENG,4,14.75,58.41,547,17.18,3.01,34.1,Right-hand bat,Right-arm medium
Geraint Jones,GO Jones,ENG,53,23.91,54.13,-,-,-,-,Right-hand bat,-
Richard Jones,RA Jones,NZ,2,11.5,25.27,-,-,-,-,Right-hand bat,-
Simon Jones,SP Jones,ENG,18,15.76,51.89,2821,28.23,3.54,47.8,Left-hand bat,Right-arm fast-medium
Chris Jordan,CJ Jordan,ENG,11,18,56.25,1530,35.8,2.94,72.8,Right-hand bat,Right-arm fast-medium
Alzarri Joseph,AS Joseph,WI,18,7.94,47.82,1862,35.82,3.23,66.5,Right-hand bat,Right-arm fast-medium
Sylvester Joseph,SC Joseph,WI,10,14.7,37.78,12,-,4,-,Right-hand bat,Right-arm offbreak
Ed Joyce,EC Joyce,IRE,2,23.5,46.07,-,-,-,-,Left-hand bat,Right-arm medium
Jubair Hossain,Jubair Hossain,BDESH,5,4.33,14.77,715,30.81,4.13,44.6,Right-hand bat,Legbreak
Junaid Khan,Junaid Khan,PAK,28,7.17,39.86,4605,31.73,2.93,64.8,Right-hand bat,Left-arm fast
Junaid Siddique,Junaid Siddique,BDESH,37,26.18,41.39,18,-,3.66,-,Left-hand bat,Right-arm offbreak
Mohammad Kaif,M Kaif,INDIA,20,34.64,40.93,-,-,-,-,Right-hand bat,Right-arm offbreak
Shantha Kalavitigoda,S Kalavitigoda,SL,2,4,14.81,-,-,-,-,Right-hand bat,-
Jacques Kallis,JH Kallis,ICC/SA,211,59.55,48.75,15073,33.56,2.96,67.8,Right-hand bat,Right-arm fast-medium
Suraj Randiv,S Randiv,SL,17,9.18,30.62,3146,37.51,3.07,73.1,Right-hand bat,Right-arm offbreak
Romesh Kaluwitharana,RS Kaluwitharana,SL,16,21.62,57.85,-,-,-,-,Right-hand bat,-
Kamran Akmal,Kamran Akmal,PAK,92,30.79,63.1,-,-,-,-,Right-hand bat,-
Kamrul Islam,Kamrul Islam Rabbi,BDESH,14,5.66,18.14,750,63,4.03,93.7,Right-hand bat,Right-arm medium-fast
Tafadzwa Kamungozi,TP Kamungozi,ZIM,2,2.5,50,156,58,2.23,156,Right-hand bat,Legbreak
Tyrone Kane,TE Kane,IRE,2,7,14.28,156,-,3.96,-,Right-hand bat,Right-arm medium-fast
Chamara Kapugedera,CK Kapugedera,SL,15,34.83,53.18,12,-,4.5,-,Right-hand bat,Right-arm medium
Dinesh Karthik,KD Karthik,INDIA,42,25,49.27,-,-,-,-,Right-hand bat,Right-arm offbreak
Murali Kartik,M Kartik,INDIA,5,6.75,56.25,1047,34.06,2.92,69.8,Left-hand bat,Slow left-arm orthodox
Chamika Karunaratne,C Karunaratne,SL,2,11,51.16,156,148,5.69,156,Right-hand bat,Right-arm medium-fast
Dimuth Karunaratne,FDM Karunaratne,SL,128,36.78,48.83,237,74.5,3.77,118.5,Left-hand bat,Right-arm medium
Michael Kasprowicz,MS Kasprowicz,AUS,33,9.24,46.38,4090,31.69,3.16,60.1,Right-hand bat,Right-arm fast-medium
Kevin Kasuza,KT Kasuza,ZIM,4,28.25,30.62,-,-,-,-,Right-hand bat,Right-arm offbreak
Simon Katich,SM Katich,AUS,99,45.03,49.36,1039,30.23,3.66,49.4,Left-hand bat,Slow left-arm chinaman
Tharindu Kaushal,PHT Kaushal,SL,12,10.6,43.44,1658,44.2,3.99,66.3,Right-hand bat,Right-arm offbreak
Justin Kemp,JM Kemp,SA,6,13.33,32,479,24.66,2.78,53.2,Right-hand bat,Right-arm fast-medium
Simon Kerrigan,SC Kerrigan,ENG,1,-,8.33,48,-,6.62,-,Right-hand bat,Slow left-arm orthodox
Rob Key,RWT Key,ENG,26,31,47.28,-,-,-,-,Right-hand bat,Right-arm offbreak
Khaled Mahmud,Khaled Mahmud,BDESH,23,12.09,58.46,1620,64,3.08,124.6,Right-hand bat,Right-arm medium
Khaled Mashud,Khaled Mashud,BDESH,82,18.57,34.35,-,-,-,-,Right-hand bat,-
Amjad Khan,A Khan,ENG,-,-,-,174,122,4.2,174,Right-hand bat,Right-arm fast-medium
Imraan Khan,I Khan,SA,1,20,31.25,-,-,-,-,Left-hand bat,Right-arm offbreak
Zaheer Khan,Z Khan,INDIA,126,11.88,51.66,18401,32.84,3.27,60.1,Right-hand bat,Left-arm fast-medium
Usman Khawaja,UT Khawaja,AUS,77,40.66,50.55,12,-,2.5,-,Left-hand bat,Right-arm medium
Khurram Manzoor,Khurram Manzoor,PAK,30,28.17,44.71,-,-,-,-,Right-hand bat,Right-arm offbreak
Reon King,RD King,WI,9,3.6,29.03,1459,42.82,2.99,85.8,Right-hand bat,Right-arm fast-medium
Gary Kirsten,G Kirsten,SA,58,52.54,49.08,24,-,1.75,-,Left-hand bat,Right-arm offbreak
James Kirtley,RJ Kirtley,ENG,7,5.33,24.8,1079,29.52,3.11,56.7,Right-hand bat,Right-arm fast-medium
Heinrich Klaasen,H Klaasen,SA,2,5.5,32.35,-,-,-,-,Right-hand bat,-
Rory Kleinveldt,RK Kleinveldt,SA,5,9,44.26,667,42.2,3.79,66.7,Right-hand bat,Right-arm fast-medium
Lance Klusener,L Klusener,SA,20,22.33,56.77,1626,42.26,2.33,108.4,Left-hand bat,Right-arm fast-medium
Nick Knight,NV Knight,ENG,2,7.5,32.6,-,-,-,-,Left-hand bat,Right-arm medium
Virat Kohli,V Kohli,INDIA,145,53.62,57.68,175,-,2.88,-,Right-hand bat,Right-arm medium
Jason Krejza,JJ Krejza,AUS,4,23.66,48.63,743,43.23,4.53,57.1,Right-hand bat,Right-arm offbreak
Heino Kuhn,HG Kuhn,SA,8,14.12,38.04,-,-,-,-,Right-hand bat,-
Kosala Kulasekara,CKB Kulasekara,SL,2,11,44,168,80,2.85,168,Right-hand bat,Right-arm fast-medium
Nuwan Kulasekara,KMDN Kulasekara,SL,28,14.48,42.04,3567,37.37,3.01,74.3,Right-hand bat,Right-arm fast-medium
Kuldeep Yadav,Kuldeep Yadav,INDIA,6,8.5,31.67,989,24.12,3.51,41.2,Left-hand bat,Slow left-arm chinaman
Nilesh Kulkarni,NM Kulkarni,INDIA,1,4,10.52,318,137,2.58,318,Left-hand bat,Slow left-arm orthodox
Bhuvneshwar Kumar,B Kumar,INDIA,29,22.08,45.06,3348,26.09,2.94,53.1,Right-hand bat,Right-arm medium
Praveen Kumar,P Kumar,INDIA,10,14.9,93.71,1611,25.81,2.59,59.6,Right-hand bat,Right-arm medium
Lahiru Kumara,CBRLS Kumara,SL,28,3.71,29.21,3905,36.58,3.76,58.2,Left-hand bat,Right-arm fast
Anil Kumble,A Kumble,INDIA,92,17.52,39.14,21735,30.98,2.93,63.3,Right-hand bat,Legbreak googly
Marnus Labuschagne,M Labuschagne,AUS,23,63.43,56.52,756,38.66,3.68,63,Right-hand bat,Legbreak
Suranga Lakmal,RAS Lakmal,SL,95,11.61,48.43,11099,37.42,3.05,73.5,Right-hand bat,Right-arm fast-medium
Chamila Gamage,MKGCP Lakshitha,SL,3,14,84,288,31.6,3.29,57.6,Right-hand bat,Right-arm fast-medium
Greg Lamb,GA Lamb,ZIM,2,23,38.33,192,47,4.4,64,Right-hand bat,Right-arm offbreak
Justin Langer,JL Langer,AUS,121,47.83,58.39,6,-,3,-,Left-hand bat,Right-arm medium
Charl Langeveldt,CK Langeveldt,SA,4,8,30.76,999,37.06,3.56,62.4,Right-hand bat,Right-arm fast-medium
Brian Lara,BC Lara,ICC/WI,103,58.24,59.25,-,-,-,-,Left-hand bat,Legbreak googly
Tom Latham,TWM Latham,NZ,92,42.34,46.66,-,-,-,-,Left-hand bat,Right-arm medium
Jermaine Lawson,JJC Lawson,WI,21,3.46,29.37,2364,29.64,3.83,46.3,Right-hand bat,Right-arm fast-medium
VVS Laxman,VVS Laxman,INDIA,192,49.36,49.95,174,29,2,87,Right-hand bat,Right-arm offbreak
Jack Leach,MJ Leach,ENG,18,18.33,39.71,2072,29.02,2.85,60.9,Left-hand bat,Slow left-arm orthodox
Brett Lee,B Lee,AUS,83,19.13,52.1,15158,33.13,3.51,56.5,Right-hand bat,Right-arm fast
Darren Lehmann,DS Lehmann,AUS,34,49.06,62.62,872,28.23,2.52,67,Left-hand bat,Slow left-arm orthodox
Jon Lewis,J Lewis,ENG,2,13.5,60,246,40.66,2.97,82,Right-hand bat,Right-arm medium
Rawl Lewis,RN Lewis,WI,4,15.75,63.63,298,46,2.77,99.3,Right-hand bat,Legbreak googly
Shermon Lewis,SH Lewis,WI,4,6,36.36,240,54,4.05,80,Right-hand bat,Right-arm fast
George Linde,GF Linde,SA,2,32,47.05,186,33.25,4.29,46.5,Left-hand bat,Slow left-arm orthodox
Liton Das,Liton Das,BDESH,34,26.03,57.76,-,-,-,-,Right-hand bat,-
Dulip Liyanage,DK Liyanage,SL,1,3,17.64,84,-,3.14,-,Left-hand bat,Right-arm fast-medium
Kaushal Lokuarachchi,KS Lokuarachchi,SL,5,23.5,58.02,594,59,2.97,118.8,Right-hand bat,Legbreak
Martin Love,ML Love,AUS,8,46.6,48.94,-,-,-,-,Right-hand bat,Right-arm offbreak
Nathan Lyon,NM Lyon,AUS,123,12.27,46.99,24568,31.58,3,62.9,Right-hand bat,Right-arm offbreak
Adam Lyth,A Lyth,ENG,13,20.38,50.09,6,-,0,-,Left-hand bat,Right-arm offbreak
Andy McBrine,AR McBrine,IRE,4,4.5,23.37,300,53,3.18,100,Left-hand bat,Right-arm offbreak
Brendon McCullum,BB McCullum,NZ,176,38.64,64.6,175,88,3.01,175,Right-hand bat,"Right-arm medium, Right-arm offbreak"
Andrew McDonald,AB McDonald,AUS,6,21.4,49.3,732,33.33,2.45,81.3,Right-hand bat,Right-arm fast-medium
Bryce McGain,BE McGain,AUS,2,1,12.5,108,-,8.27,-,Right-hand bat,Legbreak googly
Neil McGarrell,NC McGarrell,WI,6,15.25,28.37,1212,26.64,2.24,71.2,Right-hand bat,Slow left-arm orthodox
Stuart MacGill,SCG MacGill,AUS,26,8.35,60.42,7892,31.09,3.3,56.3,Right-hand bat,Legbreak googly
Anthony McGrath,A McGrath,ENG,5,40.2,50,102,14,3.29,25.5,Right-hand bat,Right-arm medium
Glenn McGrath,GD McGrath,AUS,59,10.09,45.49,13540,21.28,2.43,52.4,Right-hand bat,Right-arm fast-medium
Tim McIntosh,TG McIntosh,NZ,33,27.54,36.2,-,-,-,-,Left-hand bat,-
Andy McKay,AJ McKay,NZ,2,25,45.45,186,120,3.87,186,Right-hand bat,Left-arm fast-medium
Clint McKay,CJ McKay,AUS,1,10,66.66,168,101,3.6,168,Right-hand bat,Right-arm fast-medium
Neil McKenzie,ND McKenzie,SA,82,38.72,42.17,90,-,4.53,-,Right-hand bat,Right-arm medium
Ryan McLaren,R McLaren,SA,3,23.5,43.51,264,54,3.68,88,Left-hand bat,Right-arm medium-fast
Nixon McLean,NAM McLean,WI,6,4.33,28.57,569,44,3.71,71.1,Left-hand bat,Right-arm fast
Craig McMillan,CD McMillan,NZ,43,34.4,55.01,1015,43.07,3.31,78,Right-hand bat,Right-arm medium
Nic Maddinson,NJ Maddinson,AUS,4,6.75,34.61,36,-,4.5,-,Left-hand bat,Slow left-arm orthodox
Keshav Maharaj,KA Maharaj,SA,48,15.3,60.48,6678,33.19,3.28,60.7,Right-hand bat,Slow left-arm orthodox
Farveez Maharoof,MF Maharoof,SL,34,18.53,39.6,2940,65.24,3.32,117.6,Right-hand bat,Right-arm fast-medium
Mahbubul Alam,Mahbubul Alam,BDESH,7,1.25,6.94,587,62.8,3.2,117.4,Right-hand bat,Right-arm medium-fast
Sajid Mahmood,SI Mahmood,ENG,11,8.1,50.31,1130,38.1,4.04,56.5,Right-hand bat,Right-arm fast-medium
Mahmudullah,Mahmudullah,BDESH,93,31.77,53.37,3399,45.32,3.44,79,Right-hand bat,Right-arm offbreak
Blessing Mahwire,NB Mahwire,ZIM,17,13.36,42.48,1287,50.83,4.26,71.5,Right-hand bat,Right-arm fast-medium
Dawid Malan,DJ Malan,ENG,26,27.84,41.08,156,-,2.69,-,Left-hand bat,Legbreak
Pieter Malan,PJ Malan,SA,6,26,29.43,12,-,2.5,-,Right-hand bat,Right-arm medium-fast
Lasith Malinga,SL Malinga,SL,37,11.45,44.42,5209,33.15,3.85,51.5,Right-hand bat,Right-arm fast
Manjurul Islam,Manjural Islam,BDESH,33,3.68,21.65,2970,57.32,3.24,106,Left-hand bat,Left-arm fast-medium
Graham Manou,GA Manou,AUS,2,21,53.84,-,-,-,-,Right-hand bat,-
Manzarul Islam,Manjural Islam Rana,BDESH,11,25.7,37.13,749,80.2,3.21,149.8,Left-hand bat,Slow left-arm orthodox
Alester Maregwede,A Maregwede,ZIM,4,18.5,54.41,-,-,-,-,Right-hand bat,-
Dougie Marillier,DA Marillier,ZIM,6,31.6,42.47,616,29.27,3.13,56,Right-hand bat,Right-arm offbreak
Aiden Markram,AK Markram,SA,37,38.48,63.57,164,-,3.18,-,Right-hand bat,Right-arm offbreak
Mitchell Marsh,MR Marsh,AUS,55,25.2,50.68,2853,38.64,3.41,67.9,Right-hand bat,Right-arm medium
Shaun Marsh,SE Marsh,AUS,68,34.31,43.85,-,-,-,-,Left-hand bat,Slow left-arm orthodox
Hamish Marshall,HJH Marshall,NZ,18,36,48.68,-,-,-,-,Right-hand bat,Right-arm medium
James Marshall,JAH Marshall,NZ,11,19.81,39.06,-,-,-,-,Right-hand bat,Right-arm medium
Xavier Marshall,XM Marshall,WI,12,20.25,49.79,12,-,0,-,Right-hand bat,Right-arm offbreak
Marshall Ayub,Marshall Ayub,BDESH,6,20.83,42.95,60,-,5.3,-,Right-hand bat,Legbreak
Bruce Martin,BP Martin,NZ,6,14.8,52.48,1518,53.83,2.55,126.5,Right-hand bat,Slow left-arm orthodox
Chris Martin,CS Martin,NZ,99,2.22,19.47,13300,34.63,3.39,61.2,Right-hand bat,Right-arm fast-medium
Damien Martyn,DR Martyn,AUS,89,47.1,52.21,300,78,3.12,150,Right-hand bat,Right-arm medium
Timycen Maruma,T Maruma,ZIM,5,13.6,40.96,-,-,-,-,Right-hand bat,Legbreak googly
Hamilton Masakadza,H Masakadza,ZIM,76,30.04,44.38,1164,30.56,2.52,72.7,Right-hand bat,Right-arm medium
Shingi Masakadza,SW Masakadza,ZIM,9,11,36.66,1057,32.18,2.92,66,Right-hand bat,Right-arm fast-medium
Wellington Masakadza,WP Masakadza,ZIM,2,10.5,23.86,79,27,4.1,39.5,Left-hand bat,Slow left-arm orthodox
Mashrafe Mortaza,Mashrafe Mortaza,BDESH,67,12.85,67.2,5990,41.52,3.24,76.7,Right-hand bat,Right-arm fast-medium
Michael Mason,MJ Mason,NZ,2,1.5,9.09,132,-,4.77,-,Right-hand bat,Right-arm fast-medium
Prince Masvaure,PS Masvaure,ZIM,10,23.5,33.81,84,-,4.35,-,Left-hand bat,Left-arm fast-medium
Angelo Mathews,AD Mathews,SL,154,45.31,48.62,3876,52.87,2.7,117.4,Right-hand bat,Right-arm medium
Stuart Matsikenyeri,S Matsikenyeri,ZIM,16,23.4,50.57,483,172.5,4.28,241.5,Right-hand bat,Right-arm offbreak
Brandon Mavuta,B Mavuta,ZIM,4,2.25,29.03,336,59.25,4.23,84,Right-hand bat,Legbreak
Tino Mawoyo,TMK Mawoyo,ZIM,22,29.28,37.04,-,-,-,-,Right-hand bat,Right-arm medium-fast
Glenn Maxwell,GJ Maxwell,AUS,14,26.07,59.47,462,42.62,4.42,57.7,Right-hand bat,Right-arm offbreak
James McCollum,JA McCollum,IRE,4,18.25,41.47,-,-,-,-,Right-hand bat,Right-arm medium
Mehidy Hasan,Mehidy Hasan Miraz,BDESH,42,17.72,51.78,5306,33.12,3.37,58.9,Right-hand bat,Right-arm offbreak
Mehrab Hossain,Mehrab Hossain,BDESH,16,14.68,33.19,12,-,2.5,-,Right-hand bat,Right-arm medium
Mehrab Hossain jnr,Mehrab Hossain jnr,BDESH,13,20.25,51.05,407,70.25,4.14,101.7,Left-hand bat,Slow left-arm orthodox
Ajantha Mendis,BAW Mendis,SL,19,16.38,46.81,4730,34.77,3.08,67.5,Right-hand bat,Right-arm offbreak
Kusal Mendis,BKG Mendis,SL,85,36.97,55.59,84,69,4.92,84,Right-hand bat,Legbreak
Joe Mennie,JM Mennie,AUS,2,5,41.66,168,85,3.03,168,Right-hand bat,Right-arm fast-medium
Keegan Meth,KO Meth,ZIM,4,24,55.81,324,24.5,1.81,81,Right-hand bat,Right-arm medium-fast
Colin Miller,CR Miller,AUS,3,19.5,39.39,708,31.33,3.18,59,Right-hand bat,"Right-arm fast-medium, Right-arm offbreak"
Nikita Miller,NO Miller,WI,2,2.5,8.77,132,-,3.04,-,Right-hand bat,Slow left-arm orthodox
Kyle Mills,KD Mills,NZ,30,11.56,38.58,2902,33.02,3,65.9,Right-hand bat,Right-arm fast-medium
Solomon Mire,SF Mire,ZIM,4,19.5,57.77,84,32,2.28,84,Right-hand bat,Right-arm medium-fast
Mir Hamza,Mir Hamza,PAK,2,-,18.18,90,67,4.46,90,Left-hand bat,Left-arm medium
Misbah-ul-Haq,Misbah-ul-Haq,PAK,132,46.62,44.53,-,-,-,-,Right-hand bat,Legbreak
Amit Mishra,A Mishra,INDIA,32,21.6,58.74,5103,35.72,3.19,67.1,Right-hand bat,Legbreak
Daryl Mitchell,DJ Mitchell,NZ,1,73,45.91,132,-,3.13,-,Right-hand bat,Right-arm medium
Abhimanyu Mithun,A Mithun,INDIA,5,24,48.19,720,50.66,3.8,80,Right-hand bat,Right-arm medium
Mohammad Abbas,Mohammad Abbas,PAK,25,7.23,19.62,3814,20.76,2.44,50.8,Right-hand bat,Right-arm medium-fast
Mohammad Akram,Mohammad Akram,PAK,2,5,45.45,132,-,4.81,-,Right-hand bat,Right-arm fast-medium
Mohammad Amir,Mohammad Amir,PAK,67,13.41,37.92,7619,30.47,2.85,64,Left-hand bat,Left-arm fast
Mohammad Ashraful,Mohammad Ashraful,BDESH,119,24,46.07,1733,60.52,4.4,82.5,Right-hand bat,"Right-arm offbreak, Legbreak"
Mohammad Asif,Mohammad Asif,PAK,38,5.64,30.45,5171,24.36,2.99,48.7,Left-hand bat,Right-arm fast-medium
Mohammad Ayub,Mohammad Ayub,PAK,2,23.5,27.97,-,-,-,-,Right-hand bat,Right-arm offbreak
Mohammad Hafeez,Mohammad Hafeez,PAK,105,37.64,56.01,4067,34.11,2.66,76.7,Right-hand bat,Right-arm offbreak
Mohammad Irfan,Mohammad Irfan,PAK,7,5.6,32.18,712,38.9,3.27,71.2,Right-hand bat,Left-arm fast
Mohammad Khalil,Mohammad Khalil,PAK,4,3,13.84,290,-,4.13,-,Left-hand bat,Left-arm medium
Mohammad Mithun,Mohammad Mithun,BDESH,16,19.25,47.09,-,-,-,-,Right-hand bat,-
Mohammad Nabi,Mohammad Nabi,AFG,6,5.5,48.52,546,31.75,2.79,68.2,Right-hand bat,Right-arm offbreak
Mohammad Nawaz,Mohammad Nawaz,3),4,12.5,31.84,383,29.4,2.3,76.6,Left-hand bat,Slow left-arm orthodox
Mohammad Rafique,Mohammad Rafique,BDESH,61,18.78,64.76,8426,40.78,2.81,86.8,Left-hand bat,Slow left-arm orthodox
Mohammad Rizwan,Mohammad Rizwan,PAK,9,32.14,61.98,-,-,-,-,Right-hand bat,-
Mohammad Salim,Mohammad Salim,BDESH,4,16.33,38.28,-,-,-,-,Right-hand bat,-
Mohammad Salman,Mohammad Salman,PAK,4,6.25,43.85,-,-,-,-,Right-hand bat,Legbreak
Mohammad Sami,Mohammad Sami,PAK,56,11.59,30.78,7499,52.74,3.58,88.2,Right-hand bat,Right-arm fast
Mohammad Shahid,Mohammad Shahid,BDESH,6,11.4,70.37,630,57.6,2.74,126,Right-hand bat,Right-arm medium-fast
Mohammad Shahzad,Mohammad Shahzad,AFG,4,17.25,51.87,-,-,-,-,Right-hand bat,-
Mohammad Sharif,Mohammad Sharif,BDESH,20,7.17,43.26,1651,79,4.01,117.9,Right-hand bat,Right-arm medium-fast
Mohammad Talha,Mohammad Talha,PAK,5,8.5,47.22,740,56,4.08,82.2,Right-hand bat,Right-arm medium-fast
Mohammad Yousuf,Mohammad Yousuf,PAK,111,57.36,56.15,6,-,3,-,Right-hand bat,Right-arm offbreak
Mohammad Zahid,Mohammad Zahid,PAK,2,0,0,150,54,4.32,75,Right-hand bat,Right-arm fast-medium
Dave Mohammed,D Mohammed,WI,8,32.14,71.65,1065,51.38,3.76,81.9,Left-hand bat,Slow left-arm chinaman
Mohammed Shami,Mohammed Shami,INDIA,64,11.29,76.81,8897,27.36,3.32,49.4,Right-hand bat,Right-arm fast
Moin Khan,Moin Khan,PAK,11,32.3,62.71,-,-,-,-,Right-hand bat,Right-arm offbreak
Mominul Haque,Mominul Haque,BDESH,74,40.85,56.03,601,94,3.75,150.2,Left-hand bat,Slow left-arm orthodox
Nayan Mongia,NR Mongia,INDIA,4,20,50.42,-,-,-,-,Right-hand bat,-
Peter Moor,PJ Moor,ZIM,16,35.53,44.97,-,-,-,-,Right-hand bat,Right-arm offbreak
Eoin Morgan,EJG Morgan,ENG,24,30.43,54.77,-,-,-,-,Left-hand bat,Right-arm medium
Albie Morkel,JA Morkel,SA,1,58,81.69,192,132,4.12,192,Left-hand bat,Right-arm medium-fast
Morne Morkel,M Morkel,SA,104,11.65,50.8,16498,27.66,3.1,53.3,Left-hand bat,Right-arm fast
Chris Morris,CH Morris,SA,7,24.71,47.79,623,38.25,4.42,51.9,Right-hand bat,Right-arm fast-medium
Runako Morton,RS Morton,WI,27,22.03,48.07,66,-,4.54,-,Right-hand bat,"Right-arm medium, Right-arm offbreak"
Mosaddek Hossain,Mosaddek Hossain,BDESH,6,41,46.85,90,-,3.26,-,Right-hand bat,Right-arm offbreak
Chris Mpofu,CB Mpofu,ZIM,28,5.83,42.16,2489,48,3.35,85.8,Right-hand bat,Right-arm fast-medium
Jehan Mubarak,J Mubarak,SL,23,17.5,43.5,103,-,3.84,-,Left-hand bat,Right-arm offbreak
Brian Mudzinganyama,BS Mudzinganyama,ZIM,1,16,25.8,-,-,-,-,Left-hand bat,Right-arm offbreak
Muhammad Musa,Muhammad Musa,PAK,2,-,94.11,120,-,5.7,-,Right-hand bat,Right-arm fast-medium
Mujeeb Ur Rahman,Mujeeb Ur Rahman,AFG,2,9,105.88,90,75,5,90,Right-hand bat,Right-arm offbreak
Abhinav Mukund,A Mukund,INDIA,14,22.85,45.71,12,-,7,-,Left-hand bat,Legbreak googly
Wiaan Mulder,PWA Mulder,SA,2,7,82.35,42,12,1.71,42,Right-hand bat,Right-arm medium
Alan Mullally,AD Mullally,ENG,1,0,0,183,49.5,3.24,91.5,Right-hand bat,Left-arm fast-medium
Carl Mumba,CT Mumba,ZIM,5,8.33,23.36,599,35.4,3.54,59.9,Right-hand bat,Right-arm fast-medium
Colin Munro,C Munro,NZ,2,7.5,57.69,108,20,2.22,54,Left-hand bat,Right-arm medium-fast
Tawanda Mupariwa,T Mupariwa,ZIM,2,15,33.33,204,-,4,-,Right-hand bat,Right-arm fast-medium
Muttiah Muralitharan,M Muralitharan,ICC/SL,88,10.87,77.57,25417,21.23,2.49,51,Right-hand bat,Right-arm offbreak
Brian Murphy,BA Murphy,ZIM,5,17.8,37.71,558,78,3.35,139.5,Right-hand bat,Legbreak googly
Junior Murray,JR Murray,WI,3,0.33,4.76,-,-,-,-,Right-hand bat,-
Tim Murtagh,TJ Murtagh,IRE,6,27.25,82.57,570,16.38,2.24,43.8,Left-hand bat,Right-arm fast-medium
Tarisai Musakanda,TK Musakanda,ZIM,2,3,28.57,-,-,-,-,Right-hand bat,"Right-arm medium, Right-arm slow-medium"
Natsai M'shangwe,N M'shangwe,ZIM,4,2,44.44,790,62.14,3.3,112.8,Right-hand bat,Legbreak
Mushfiqur Rahim,Mushfiqur Rahim,BDESH,130,36.77,47.75,-,-,-,-,Right-hand bat,-
Mushfiqur Rahman,Mushfiqur Rahman,BDESH,19,13.64,30.72,1365,63.3,3.61,105,Right-hand bat,Right-arm fast-medium
Mushtaq Ahmed,Mushtaq Ahmed,PAK,3,19.5,47.56,492,94,3.43,164,Right-hand bat,Legbreak googly
Mustafizur Rahman,Mustafizur Rahman,BDESH,19,4.3,40.57,1845,35.17,3.2,65.8,Left-hand bat,Left-arm fast-medium
Senuran Muthusamy,S Muthusamy,SA,4,49,35.25,225,90,4.8,112.5,Left-hand bat,Slow left-arm orthodox
Forster Mutizwa,F Mutizwa,ZIM,2,12,39.34,-,-,-,-,Right-hand bat,Right-arm offbreak
Tinotenda Mutombodzi,CT Mutombodzi,ZIM,2,20.5,33.88,114,-,3.52,-,Right-hand bat,Legbreak googly
Richmond Mutumbami,R Mutumbami,ZIM,12,19.72,47.37,-,-,-,-,Right-hand bat,Right-arm offbreak
Blessing Muzarabani,B Muzarabani,ZIM,2,14,100,78,-,3.69,-,Right-hand bat,Right-arm fast-medium
Waddington Mwayenga,W Mwayenga,ZIM,2,15,88.23,126,79,3.76,126,Right-hand bat,Right-arm medium
Shahbaz Nadeem,S Nadeem,INDIA,1,-,20,104,10,2.3,26,Right-hand bat,Slow left-arm orthodox
Naeem Islam,Naeem Islam,BDESH,15,32,37.47,574,303,3.16,574,Right-hand bat,Right-arm offbreak
Nafees Iqbal,Nafees Iqbal,BDESH,22,23.54,38.88,-,-,-,-,Right-hand bat,Right-arm medium
Mahendra Nagamootoo,MV Nagamootoo,WI,6,30.8,48.88,1236,60.55,2.64,137.3,Left-hand bat,Legbreak googly
Naimur Rahman,Naimur Rahman,BDESH,13,16,50.26,1030,94,3.28,171.6,Right-hand bat,Right-arm offbreak
Karun Nair,KK Nair,INDIA,7,62.33,73.91,12,-,5.5,-,Right-hand bat,Right-arm offbreak
Sunil Narine,SP Narine,WI,7,8,43.47,1650,40.52,3.09,78.5,Left-hand bat,Right-arm offbreak
Naseem Shah,Naseem Shah,PAK,4,5,45.45,601,26.84,3.48,46.2,Right-hand bat,Right-arm fast
Brendan Nash,BP Nash,WI,33,33.42,43.28,492,123.5,3.01,246,Left-hand bat,Left-arm medium
Dion Nash,DJ Nash,NZ,1,-,39.68,180,-,3.1,-,Right-hand bat,Right-arm fast-medium
Nasir Hossain,Nasir Hossain,BDESH,32,34.8,54.46,924,55.25,2.87,115.5,Right-hand bat,Right-arm offbreak
Nasir Jamal,Nasir Jamal,AFG,2,8.5,34,-,-,-,-,Right-hand bat,Legbreak googly
Nasir Jamshed,Nasir Jamshed,PAK,4,12.75,47.66,-,-,-,-,Left-hand bat,-
Naved-ul-Hasan,Naved-ul-Hasan,PAK,15,19.91,84.15,1565,58,4,86.9,Right-hand bat,Right-arm medium-fast
Naved Latif,Naved Latif,PAK,2,10,52.63,-,-,-,-,Right-hand bat,Right-arm medium
Naveed Nawaz,MN Nawaz,SL,2,99,51.56,-,-,-,-,Left-hand bat,Legbreak
Nayeem Hasan,Nayeem Hasan,BDESH,6,17.5,39.32,780,20.47,2.99,41,Right-hand bat,Right-arm offbreak
Nazimuddin,Nazimuddin,BDESH,6,20.83,39.06,-,-,-,-,Right-hand bat,Right-arm medium
Nazmul Hossain,Nazmul Hossain,BDESH,4,8,76.19,329,38.8,3.53,65.8,Right-hand bat,Right-arm medium-fast
Najmul Hossain Shanto,Najmul Hossain Shanto,BDESH,7,28.71,41.1,4,-,19.5,-,Left-hand bat,Right-arm offbreak
Nazmul Islam,Nazmul Islam,BDESH,2,2,25,174,19,2.62,43.5,Left-hand bat,Slow left-arm orthodox
Njabulo Ncube,N Ncube,ZIM,2,8.5,73.91,210,121,3.45,210,Right-hand bat,Right-arm fast-medium
Ainsley Ndlovu,A Ndlovu,ZIM,4,2.25,22.5,420,138.5,3.95,210,Right-hand bat,Slow left-arm orthodox
James Neesham,JDS Neesham,NZ,22,33.76,66.32,1076,48.21,3.76,76.8,Left-hand bat,Right-arm medium-fast
Ashish Nehra,A Nehra,INDIA,25,5.5,30.07,3279,41.2,3.24,76.2,Right-hand bat,Left-arm medium-fast
Andre Nel,A Nel,SA,42,9.91,46.1,7630,31.86,3.08,62,Right-hand bat,Right-arm fast-medium
Peter Nevill,PM Nevill,AUS,23,22.28,40.66,-,-,-,-,Right-hand bat,-
Mfuneko Ngam,M Ngam,SA,-,-,-,128,10.33,2.9,21.3,Right-hand bat,Right-arm fast
Lungi Ngidi,L Ngidi,SA,9,3,36.58,739,25.06,3.05,49.2,Right-hand bat,Right-arm fast
Henry Nicholls,HM Nicholls,NZ,50,39.7,49.39,-,-,-,-,Left-hand bat,Right-arm offbreak
Rob Nicol,RJ Nicol,NZ,4,7,26.66,17,-,4.58,-,Right-hand bat,"Right-arm medium, Right-arm offbreak"
Prabath Nissanka,RAP Nissanka,SL,5,6,21.68,587,36.6,3.74,58.7,Right-hand bat,Right-arm medium-fast
Mluleki Nkala,ML Nkala,ZIM,10,16.77,40.48,822,83,3.02,164.4,Right-hand bat,Right-arm medium
Marcus North,MJ North,AUS,35,35.48,48.14,1258,42.21,2.81,89.8,Left-hand bat,Right-arm offbreak
Anrich Nortje,A Nortje,SA,12,9.88,22.7,1047,35.1,3.82,55.1,Right-hand bat,Right-arm fast
Makhaya Ntini,M Ntini,SA,107,10.05,49.16,19202,28.93,3.29,52.7,Right-hand bat,Right-arm fast
Nurul Hasan,Nurul Hasan,BDESH,6,19.16,61.82,-,-,-,-,Right-hand bat,-
Victor Nyauchi,VM Nyauchi,ZIM,5,15,39.47,569,40.83,2.58,94.8,Right-hand bat,Right-arm fast-medium
John Nyumbu,J Nyumbu,ZIM,6,7.6,29.45,663,75.8,3.42,132.6,Right-hand bat,Right-arm offbreak
Iain O'Brien,IE O'Brien,NZ,34,7.55,38.48,4394,33.27,3.31,60.1,Right-hand bat,Right-arm fast-medium
Kevin O'Brien,KJ O'Brien,IRE,6,51.6,55.24,60,-,3.1,-,Right-hand bat,Right-arm medium-fast
Niall O'Brien,NJ O'Brien,IRE,2,9,32.72,-,-,-,-,Left-hand bat,-
Shayne O'Connor,SB O'Connor,NZ,-,-,-,104,-,3.86,-,Left-hand bat,Left-arm fast-medium
Naman Ojha,NV Ojha,INDIA,2,28,47.86,-,-,-,-,Right-hand bat,-
Pragyan Ojha,PP Ojha,INDIA,27,8.9,18.08,7633,30.26,2.68,67.5,Left-hand bat,Slow left-arm orthodox
Steve O'Keefe,SNJ O'Keefe,AUS,13,9.55,19.86,2228,29.4,2.77,63.6,Right-hand bat,Slow left-arm orthodox
Duanne Olivier,D Olivier,SA,12,3.71,27.95,1440,19.25,3.85,30,Right-hand bat,Right-arm fast-medium
Henry Olonga,HK Olonga,ZIM,13,5.45,28.57,1060,45.37,4.1,66.2,Right-hand bat,Right-arm fast
Graham Onions,G Onions,ENG,10,10,30.92,1606,29.9,3.57,50.1,Right-hand bat,Right-arm medium-fast
Justin Ontong,JL Ontong,SA,4,19,36.77,185,133,4.31,185,Right-hand bat,Right-arm offbreak
Jacob Oram,JDP Oram,NZ,59,36.32,50.38,4964,33.05,2.39,82.7,Left-hand bat,Right-arm fast-medium
Jimmy Ormond,J Ormond,ENG,4,12.66,36.89,372,92.5,2.98,186,Right-hand bat,"Right-arm medium-fast, Right-arm offbreak"
Craig Overton,C Overton,ENG,8,20.66,40.78,707,44.77,3.42,78.5,Right-hand bat,Right-arm medium-fast
Donovan Pagon,DJ Pagon,WI,3,12.33,37.75,-,-,-,-,Right-hand bat,-
Tim Paine,TD Paine,AUS,50,31.66,44.24,-,-,-,-,Right-hand bat,Right-arm medium
Hardik Pandya,HH Pandya,INDIA,18,31.29,73.88,937,31.05,3.38,55.1,Right-hand bat,Right-arm medium-fast
Monty Panesar,MS Panesar,ENG,68,4.88,29.37,12475,34.71,2.78,74.7,Left-hand bat,Slow left-arm orthodox
Pankaj Singh,Pankaj Singh,INDIA,4,3.33,50,450,146,3.89,225,Right-hand bat,Right-arm medium-fast
Rishabh Pant,RR Pant,INDIA,22,38.76,68.57,-,-,-,-,Left-hand bat,-
Tinashe Panyangara,T Panyangara,ZIM,18,16.75,52.2,1889,26.22,2.58,60.9,Right-hand bat,Right-arm fast-medium
Michael Papps,MHW Papps,NZ,16,16.4,35.34,-,-,-,-,Right-hand bat,-
Tharanga Paranavitana,NT Paranavitana,SL,60,32.58,41.92,102,86,5.05,102,Left-hand bat,Right-arm offbreak
Brenton Parchment,BA Parchment,WI,4,13.75,33.53,-,-,-,-,Right-hand bat,Right-arm offbreak
Wayne Parnell,WD Parnell,SA,4,16.75,37.22,556,27.6,4.46,37,Left-hand bat,Left-arm medium-fast
Adam Parore,AC Parore,NZ,14,36.66,45.76,-,-,-,-,Right-hand bat,-
Nelon Pascal,NT Pascal,WI,2,6,44.44,102,-,3.47,-,Right-hand bat,Right-arm fast
Ajaz Patel,AY Patel,NZ,10,7.57,31.36,1625,33.31,2.7,73.8,Left-hand bat,Slow left-arm orthodox
Jeetan Patel,JS Patel,NZ,38,12.7,51.62,5833,47.35,3.16,89.7,Right-hand bat,Right-arm offbreak
Munaf Patel,MM Patel,INDIA,14,7.5,42.25,2658,38.54,3.04,75.9,Right-hand bat,Right-arm medium-fast
Parthiv Patel,PA Patel,INDIA,38,31.13,48.46,-,-,-,-,Left-hand bat,Right-arm offbreak
Samit Patel,SR Patel,ENG,9,16.77,44.67,858,60.14,2.94,122.5,Right-hand bat,Slow left-arm orthodox
Dane Paterson,D Paterson,SA,4,43,87.75,347,41.5,2.87,86.7,Right-hand bat,Right-arm fast-medium
Irfan Pathan,IK Pathan,INDIA,40,31.57,53.22,5884,32.26,3.28,58.8,Left-hand bat,Left-arm medium-fast
Kurtis Patterson,KR Patterson,AUS,2,144,52.55,-,-,-,-,Left-hand bat,Right-arm offbreak
Darren Pattinson,DJ Pattinson,ENG,2,10.5,42,181,48,3.18,90.5,Right-hand bat,Right-arm fast-medium
James Pattinson,JL Pattinson,AUS,25,26.06,42.94,3963,26.33,3.22,48.9,Left-hand bat,Right-arm fast-medium
Keemo Paul,KMA Paul,WI,6,16,81.35,342,31.5,3.31,57,Right-hand bat,Right-arm fast-medium
Suresh Perera,ASA Perera,SL,3,11.33,47.88,102,-,3.17,-,Right-hand bat,Right-arm fast-medium
Dilruwan Perera,MDK Perera,SL,73,18.58,47.26,10246,35.33,3.22,65.6,Right-hand bat,Right-arm offbreak
Kusal Perera,MDKJ Perera,SL,33,31.13,73.95,-,-,-,-,Left-hand bat,-
Thisara Perera,NLTC Perera,SL,10,20.3,73.02,954,59.36,4.1,86.7,Left-hand bat,Right-arm medium-fast
Ruchira Perera,PDRL Perera,SL,7,11,26.82,746,28.78,3.24,53.2,Left-hand bat,Left-arm medium-fast
Veerasammy Permaul,V Permaul,WI,9,12.25,71.01,1371,43.77,3.44,76.1,Right-hand bat,Slow left-arm orthodox
Kenroy Peters,KK Peters,WI,1,0,0,120,34.5,3.45,60,Right-hand bat,Left-arm medium
Alviro Petersen,AN Petersen,SA,64,34.88,51.75,114,62,3.26,114,Right-hand bat,Right-arm offbreak
Robin Peterson,RJ Peterson,SA,20,27.29,71.49,2515,37.26,3.37,66.1,Left-hand bat,Slow left-arm orthodox
Andile Phehlukwayo,AL Phehlukwayo,SA,4,9.5,48.71,250,13.36,3.52,22.7,Left-hand bat,Right-arm medium-fast
Vernon Philander,VD Philander,SA,94,24.04,44.53,11391,22.32,2.63,50.8,Right-hand bat,Right-arm fast-medium
Glenn Phillips,GD Phillips,NZ,2,26,43.69,-,-,-,-,Right-hand bat,-
Omar Phillips,OJ Phillips,WI,4,40,51.28,-,-,-,-,Left-hand bat,"Right-arm medium-fast, Legbreak"
Dane Piedt,DL Piedt,SA,12,11.9,29.9,1824,45.19,3.86,70.1,Right-hand bat,Right-arm offbreak
Kevin Pietersen,KP Pietersen,ENG,181,47.28,61.72,1311,88.6,4.05,131.1,Right-hand bat,Right-arm offbreak
Liam Plunkett,LE Plunkett,ENG,20,15.86,46.75,2659,37.46,3.46,64.8,Right-hand bat,Right-arm fast
Shaun Pollock,SM Pollock,SA,85,37.56,57.02,13574,25.77,2.48,62.2,Right-hand bat,Right-arm fast-medium
Ricky Ponting,RT Ponting,AUS,228,53.24,60.79,360,187,3.11,360,Right-hand bat,Right-arm medium
Ollie Pope,OJ Pope,ENG,16,43.38,53.3,-,-,-,-,Right-hand bat,-
William Porterfield,WTS Porterfield,IRE,6,9.66,25.55,-,-,-,-,Left-hand bat,Right-arm offbreak
Ramesh Powar,RR Powar,INDIA,2,6.5,72.22,252,19.66,2.8,42,Right-hand bat,Right-arm offbreak
Daren Powell,DBL Powell,WI,57,7.82,35.67,7077,47.85,3.44,83.2,Right-hand bat,Right-arm fast-medium
Kieran Powell,KOA Powell,WI,76,26.81,51.17,6,-,0,-,Left-hand bat,"Right-arm medium, Right-arm offbreak"
Ricardo Powell,RL Powell,WI,1,23,58.97,48,-,4.5,-,Right-hand bat,Right-arm offbreak
Stuart Poynter,SW Poynter,IRE,2,0.5,9.09,-,-,-,-,Right-hand bat,-
Venkatesh Prasad,BKV Prasad,INDIA,6,21,28.18,780,37.27,3.15,70.9,Right-hand bat,Right-arm medium-fast
Dhammika Prasad,KTGD Prasad,SL,39,12.86,53.6,4327,35.97,3.74,57.6,Right-hand bat,Right-arm fast-medium
Seekkuge Prasanna,S Prasanna,SL,1,5,41.66,138,-,3.47,-,Right-hand bat,Legbreak
Dewald Pretorius,D Pretorius,SA,4,7.33,53.65,570,71.66,4.52,95,Right-hand bat,Right-arm fast
Dwaine Pretorius,D Pretorius,SA,6,13.83,50.92,480,36,3.15,68.5,Right-hand bat,Right-arm medium-fast
Ray Price,RW Price,ZIM,36,9.1,34.18,6087,35.78,2.82,76,Right-hand bat,Slow left-arm orthodox
Ashwell Prince,AG Prince,SA,104,41.64,43.7,96,47,2.93,96,Left-hand bat,Right-arm offbreak
Matt Prior,MJ Prior,ENG,123,40.18,61.66,-,-,-,-,Right-hand bat,-
Cheteshwar Pujara,CA Pujara,INDIA,128,48.66,46.18,6,-,2,-,Right-hand bat,Legbreak
Ravindra Pushpakumara,KR Pushpakumara,SL,-,-,-,90,-,1.6,-,Right-hand bat,Right-arm fast-medium
Malinda Pushpakumara,PM Pushpakumara,SL,8,17,45.53,860,37.14,3.62,61.4,Right-hand bat,Slow left-arm orthodox
Qais Ahmad,Qais Ahmad,AFG,2,11.5,56.09,54,28,3.11,54,Right-hand bat,Legbreak
Rob Quiney,RJ Quiney,AUS,3,3,40.9,150,-,1.16,-,Left-hand bat,Right-arm medium
Kagiso Rabada,K Rabada,SA,64,11.43,45.9,8011,22.95,3.38,40.6,Left-hand bat,Right-arm fast
Rafikul Khan,Rafiqul Islam,BDESH,2,3.5,13.2,-,-,-,-,Right-hand bat,-
Ajinkya Rahane,AM Rahane,INDIA,109,42.88,50.03,-,-,-,-,Right-hand bat,Right-arm medium
Rahat Ali,Rahat Ali,PAK,31,7.55,36.55,4227,39.03,3.21,72.8,Right-hand bat,Left-arm fast-medium
Rahmat Shah,Rahmat Shah,AFG,8,37.25,53.11,-,-,-,-,Right-hand bat,Legbreak googly
KL Rahul,KL Rahul,INDIA,60,34.58,56.45,-,-,-,-,Right-hand bat,-
Suresh Raina,SK Raina,INDIA,31,26.48,53.14,1041,46.38,3.47,80,Left-hand bat,Right-arm offbreak
Rajin Saleh,Rajin Saleh,BDESH,46,25.93,35.85,438,134,3.67,219,Right-hand bat,Right-arm offbreak
Kasun Rajitha,CAK Rajitha,SL,10,2.87,14.64,1402,30.52,3.26,56,Right-hand bat,Right-arm medium-fast
Venkatapathy Raju,SLV Raju,INDIA,1,4,26.66,210,116,3.31,210,Right-hand bat,Slow left-arm orthodox
Ryan Ramdass,RR Ramdass,WI,2,13,50.98,-,-,-,-,Right-hand bat,Right-arm offbreak
Denesh Ramdin,D Ramdin,WI,126,25.87,48.74,-,-,-,-,Right-hand bat,-
Sadagoppan Ramesh,S Ramesh,INDIA,14,28.85,39.56,30,-,4.8,-,Left-hand bat,Right-arm offbreak
Dinanath Ramnarine,D Ramnarine,WI,17,6.07,25.56,2727,34.81,2.52,82.6,Left-hand bat,Legbreak googly
Ravi Rampaul,R Rampaul,WI,31,14.56,53.25,3440,34.79,2.97,70.2,Left-hand bat,Right-arm fast-medium
Mark Ramprakash,MR Ramprakash,ENG,18,30.77,47.55,48,-,3.87,-,Right-hand bat,Right-arm offbreak
Boyd Rankin,WB Rankin,ENG/IRE,6,8.6,43.43,443,38,4.11,55.3,Left-hand bat,Right-arm fast-medium
Raqibul Hasan,Raqibul Hasan,BDESH,18,19.76,40.23,42,17,2.42,42,Right-hand bat,Legbreak
Adil Rashid,AU Rashid,ENG,33,19.28,42.51,3816,39.83,3.75,63.6,Right-hand bat,Legbreak
Rashid Khan,Rashid Khan,AFG,7,15.14,79.69,938,21.08,3.1,40.7,Right-hand bat,Legbreak googly
Rashid Latif,Rashid Latif,PAK,23,38,54.24,-,-,-,-,Right-hand bat,Legbreak
Ajay Ratra,A Ratra,INDIA,10,18.11,30.58,6,-,1,-,Right-hand bat,Right-arm medium
Jeet Raval,JA Raval,NZ,39,30.07,42.8,84,34,2.42,84,Left-hand bat,Legbreak
Chris Read,CMW Read,ENG,19,21.46,40.6,-,-,-,-,Right-hand bat,-
Aaron Redmond,AJ Redmond,NZ,16,21.66,39.01,105,26.66,4.57,35,Right-hand bat,Legbreak
Floyd Reifer,FL Reifer,WI,4,12,37.2,-,-,-,-,Left-hand bat,Right-arm medium
Raymon Reifer,RA Reifer,WI,2,52,26.26,180,44,2.93,90,Left-hand bat,Left-arm medium-fast
Gavin Rennie,GJ Rennie,ZIM,8,19.25,45.29,6,-,9,-,Left-hand bat,Slow left-arm orthodox
Matt Renshaw,MT Renshaw,AUS,20,33.47,42.48,24,-,3.25,-,Left-hand bat,Right-arm offbreak
Riaz Afridi,Riaz Afridi,PAK,1,9,75,186,43.5,2.8,93,Right-hand bat,Right-arm medium-fast
Dale Richards,DM Richards,WI,6,20.83,75.75,-,-,-,-,Right-hand bat,Right-arm medium
Jhye Richardson,JA Richardson,AUS,1,1,14.28,306,20.5,2.41,51,Right-hand bat,Right-arm fast
Mark Richardson,MH Richardson,NZ,56,44.35,37.48,60,20,2,60,Left-hand bat,Slow left-arm orthodox
Kemar Roach,KAJ Roach,WI,95,11.9,38.87,10720,27.51,3.09,53.3,Right-hand bat,Right-arm fast-medium
Robiul Islam,Robiul Islam,BDESH,17,9,48.76,1860,39.68,3.2,74.4,Right-hand bat,Right-arm fast-medium
Sam Robson,SD Robson,ENG,11,30.54,44.5,-,-,-,-,Right-hand bat,Legbreak
Barney Rogers,BG Rogers,ZIM,8,11.25,38.79,18,-,5.66,-,Left-hand bat,Right-arm offbreak
Chris Rogers,CJL Rogers,AUS,48,42.87,50.6,-,-,-,-,Left-hand bat,Legbreak googly
Toby Roland-Jones,TS Roland-Jones,ENG,6,20.5,69.49,536,19.64,3.73,31.5,Right-hand bat,Right-arm medium-fast
Luke Ronchi,L Ronchi,NZ,8,39.87,73.84,-,-,-,-,Right-hand bat,-
Joe Root,JE Root,ENG,173,48.3,54.7,2660,50.07,3.16,95,Right-hand bat,"Right-arm offbreak, Legbreak"
Jason Roy,JJ Roy,ENG,10,18.7,58.8,-,-,-,-,Right-hand bat,-
Rubel Hossain,Rubel Hossain,BDESH,47,9.46,43.94,4223,76.77,3.92,117.3,Right-hand bat,Right-arm fast
Jacques Rudolph,JA Rudolph,SA,83,35.43,43.81,664,108,3.9,166,Left-hand bat,Legbreak googly
Andre Russell,AD Russell,WI,1,2,22.22,138,104,4.52,138,Right-hand bat,Right-arm fast
Hamish Rutherford,HD Rutherford,NZ,29,26.96,56.42,6,-,2,-,Left-hand bat,Slow left-arm orthodox
Jesse Ryder,JD Ryder,NZ,33,40.93,55.19,492,56,3.41,98.4,Left-hand bat,Right-arm medium
Sabbir Rahman,Sabbir Rahman,BDESH,22,24.05,54.97,144,-,4.08,-,Right-hand bat,Legbreak
Saeed Ajmal,Saeed Ajmal,PAK,53,11,41.68,11592,28.1,2.58,65.1,Right-hand bat,Right-arm offbreak
Saeed Anwar,Saeed Anwar,PAK,5,32.4,76.77,-,-,-,-,Left-hand bat,Slow left-arm orthodox
Martin Saggers,MJ Saggers,ENG,3,0.33,3.33,493,35.28,3,70.4,Right-hand bat,Right-arm fast-medium
Wriddhiman Saha,WP Saha,INDIA,50,30.19,45.51,-,-,-,-,Right-hand bat,-
Saif Hassan,Saif Hassan,BDESH,3,8,61.53,-,-,-,-,Right-hand bat,Right-arm offbreak
Sajedul Islam,Sajedul Islam,BDESH,6,3,38.29,330,77.33,4.21,110,Left-hand bat,Left-arm medium
Saleem Elahi,Saleem Elahi,PAK,12,14.27,38.01,-,-,-,-,Right-hand bat,Right-arm offbreak
Salman Butt,Salman Butt,PAK,62,30.46,47.2,137,106,4.64,137,Left-hand bat,Right-arm offbreak
Thilan Samaraweera,TT Samaraweera,SL,132,48.76,46.92,1327,45.93,3.11,88.4,Right-hand bat,Right-arm offbreak
Sadeera Samarawickrama,S Samarawickrama,SL,8,15.62,70.62,-,-,-,-,Right-hand bat,-
Sami Aslam,Sami Aslam,PAK,25,31.58,39.11,-,-,-,-,Left-hand bat,Right-arm medium
Daren Sammy,DJG Sammy,WI,63,21.68,67.88,6215,35.79,2.9,73.9,Right-hand bat,Right-arm medium
Marlon Samuels,MN Samuels,WI,123,32.24,47.94,4158,59.56,3.35,106.6,Right-hand bat,Right-arm offbreak
Lakshan Sandakan,PADLR Sandakan,SL,17,10.63,42.7,2063,34.48,3.71,55.7,Right-hand bat,Slow left-arm chinaman
Adam Sanford,A Sanford,WI,17,4.8,21.95,2217,43.86,3.56,73.9,Right-hand bat,Right-arm fast-medium
Kumar Sangakkara,KC Sangakkara,SL,226,58.49,54.55,84,-,3.5,-,Left-hand bat,Right-arm offbreak
Rahul Sanghvi,RL Sanghvi,INDIA,2,1,9.09,74,39,6.32,37,Left-hand bat,Slow left-arm orthodox
Mitchell Santner,MJ Santner,NZ,29,25.55,42.36,3746,44.71,2.79,96,Left-hand bat,Slow left-arm orthodox
Sanwar Hossain,Sanwar Hossain,BDESH,18,19.16,46.43,444,62,4.18,88.8,Right-hand bat,Right-arm offbreak
Saqlain Mushtaq,Saqlain Mushtaq,PAK,29,13.92,32.06,4728,30.33,2.84,63.8,Right-hand bat,Right-arm offbreak
Sarandeep Singh,Sarandeep Singh,INDIA,2,43,31.61,252,33.5,3.19,63,Right-hand bat,Right-arm offbreak
Sarfaraz Ahmed,Sarfaraz Ahmed,PAK,86,36.39,70.98,-,-,-,-,Right-hand bat,Right-arm offbreak
Ramnaresh Sarwan,RR Sarwan,WI,140,40.91,47.06,2010,49.86,3.42,87.3,Right-hand bat,Legbreak
Chadd Sayers,CJ Sayers,AUS,2,0,0,294,73,2.97,147,Right-hand bat,Right-arm medium
Virender Sehwag,V Sehwag,ICC/INDIA,180,49.34,82.23,3731,47.35,3.04,93.2,Right-hand bat,Right-arm offbreak
Sachithra Senanayake,SMSM Senanayake,SL,1,5,33.33,138,-,4.17,-,Right-hand bat,Right-arm offbreak
Shabbir Ahmed,Shabbir Ahmed,PAK,15,8.8,37.6,2576,23.03,2.73,50.5,Right-hand bat,Right-arm fast-medium
Shadab Kabir,Shadab Kabir,PAK,2,29.5,81.94,-,-,-,-,Left-hand bat,Right-arm offbreak
Shadab Khan,Shadab Khan,PAK,9,34.28,62.99,885,38.83,3.15,73.7,Right-hand bat,Legbreak
Shadman Islam,Shadman Islam,BDESH,11,25,44.21,-,-,-,-,Left-hand bat,Slow left-arm orthodox
Shafiul Islam,Shafiul Islam,BDESH,21,10.55,48.06,1734,55.41,3.25,102,Right-hand bat,Right-arm fast-medium
Owais Shah,OA Shah,ENG,10,26.9,41.9,30,-,6.2,-,Right-hand bat,Right-arm offbreak
Shahadat Hossain,Shahadat Hossain,BDESH,69,10.01,45.94,5380,51.81,4.16,74.7,Right-hand bat,Right-arm medium-fast
Shaheen Afridi,Shaheen Shah Afridi,PAK,12,4.2,44.68,1607,27.96,3.13,53.5,Left-hand bat,Left-arm fast
Shahid Afridi,Shahid Afridi,PAK,28,40.07,101.26,2007,40.17,3.36,71.6,Right-hand bat,Legbreak googly
Shahid Nazir,Shahid Nazir,PAK,10,15.44,58.15,1194,37.15,3.54,62.8,Right-hand bat,Right-arm fast-medium
Shahriar Hossain,Shahriar Hossain,BDESH,3,26.66,51.28,-,-,-,-,Right-hand bat,Right-arm offbreak
Shahriar Nafees,Shahriar Nafees,BDESH,48,26.39,55.86,-,-,-,-,Left-hand bat,-
Ajmal Shahzad,A Shahzad,ENG,1,5,41.66,102,15.75,3.7,25.5,Right-hand bat,Right-arm fast-medium
Tabraiz Shamsi,T Shamsi,SA,4,20,41.66,483,46.33,3.45,80.5,Right-hand bat,Slow left-arm chinaman
Shamsur Rahman,Shamsur Rahman,BDESH,12,25.41,47.65,6,-,5,-,Right-hand bat,-
Dasun Shanaka,MD Shanaka,SL,6,5.8,48.33,439,29,3.56,48.7,Right-hand bat,Right-arm medium
Shan Masood,Shan Masood,PAK,38,31.28,46.62,78,22,3.38,39,Left-hand bat,Right-arm medium-fast
Shakib Al Hasan,Shakib Al Hasan,BDESH,105,39.4,62.05,13020,31.12,3.01,62,Left-hand bat,Slow left-arm orthodox
Sharjeel Khan,Sharjeel Khan,PAK,2,22,97.77,-,-,-,-,Left-hand bat,Legbreak
Ishant Sharma,I Sharma,INDIA,129,8.37,30,18150,32.39,3.18,61.1,Right-hand bat,Right-arm fast-medium
Karn Sharma,KV Sharma,INDIA,2,8,28.57,294,59.5,4.85,73.5,Left-hand bat,Legbreak googly
Rohit Sharma,RG Sharma,INDIA,53,46.54,59.25,370,108,3.5,185,Right-hand bat,Right-arm offbreak
Prithvi Shaw,PP Shaw,INDIA,7,55.83,86.34,-,-,-,-,Right-hand bat,Right-arm offbreak
Shane Shillingford,S Shillingford,WI,26,13.3,42.35,4694,34.55,3.09,67,Right-hand bat,Right-arm offbreak
Shoaib Akhtar,Shoaib Akhtar,PAK,45,11.25,43.98,5307,22.26,3.34,39.9,Right-hand bat,Right-arm fast
Shoaib Malik,Shoaib Malik,PAK,60,35.14,45.67,2712,47.46,3.36,84.7,Right-hand bat,Right-arm offbreak
Shuvagata Hom,Shuvagata Hom,BDESH,15,22.18,55.83,846,63.25,3.58,105.7,Right-hand bat,Right-arm offbreak
Vusi Sibanda,V Sibanda,ZIM,28,21.1,50.21,-,-,-,-,Right-hand bat,"Right-arm medium, Right-arm offbreak"
Dom Sibley,DP Sibley,ENG,15,42,36.61,-,-,-,-,Right-hand bat,Legbreak
Iqbal Siddiqui,IR Siddiqui,INDIA,2,29,96.66,114,48,2.52,114,Right-hand bat,Right-arm medium-fast
Peter Siddle,PM Siddle,AUS,94,14.73,47.16,13907,30.66,2.92,62.9,Right-hand bat,Right-arm fast-medium
Ryan Sidebottom,RJ Sidebottom,ENG,31,15.65,34.66,4812,28.24,2.78,60.9,Left-hand bat,Left-arm fast-medium
Sikandar Raza,Sikandar Raza,ZIM,30,34.56,53.95,2429,41.81,3.3,75.9,Right-hand bat,Right-arm offbreak
Roshen Silva,ARS Silva,SL,23,35.1,41,-,-,-,-,Right-hand bat,Right-arm offbreak
Kaushal Silva,JK Silva,SL,74,28.36,40.27,-,-,-,-,Right-hand bat,-
Chamara Silva,LPC Silva,SL,17,33.56,62.88,102,65,3.82,102,Right-hand bat,Legbreak
Chris Silverwood,CEW Silverwood,ENG,1,10,71.42,24,-,7.25,-,Right-hand bat,Right-arm fast-medium
Lendl Simmons,LMP Simmons,WI,16,17.37,46.88,192,147,4.59,192,Right-hand bat,Right-arm medium-fast
Mathew Sinclair,MS Sinclair,NZ,38,28.2,41.71,18,-,0.33,-,Right-hand bat,Right-arm medium
RP Singh,RP Singh,INDIA,19,7.25,42.02,2534,42.05,3.98,63.3,Right-hand bat,Left-arm fast-medium
Vishaul Singh,VA Singh,WI,6,10.5,31.65,-,-,-,-,Left-hand bat,Slow left-arm orthodox
Vikram Singh,VRV Singh,INDIA,6,11.75,111.9,669,53.37,3.82,83.6,Right-hand bat,Right-arm medium-fast
Milinda Siriwardana,TAM Siriwardana,SL,9,33.11,65.63,413,23.36,3.73,37.5,Left-hand bat,Slow left-arm orthodox
Michael Slater,MJ Slater,AUS,15,39.84,60.44,12,-,2,-,Right-hand bat,Right-arm medium
Dwayne Smith,DR Smith,WI,14,24.61,70.02,651,49.14,3.17,93,Right-hand bat,Right-arm medium
Devon Smith,DS Smith,WI,76,23.78,45.9,6,-,3,-,Left-hand bat,Right-arm offbreak
Ed Smith,ET Smith,ENG,5,17.4,50.58,-,-,-,-,Right-hand bat,Right-arm medium-fast
Graeme Smith,GC Smith,ICC/SA,205,48.25,59.67,1418,110.62,3.74,177.2,Left-hand bat,Right-arm offbreak
Steven Smith,SPD Smith,AUS,131,62.84,55.3,1381,56.47,4.17,81.2,Right-hand bat,Legbreak googly
Ish Sodhi,IS Sodhi,NZ,25,21.33,52.64,3186,48.58,3.75,77.7,Right-hand bat,Legbreak
Sohag Gazi,Sohag Gazi,BDESH,16,21.66,61.43,3151,42.07,3.04,82.9,Right-hand bat,Right-arm offbreak
Sohail Khan,Sohail Khan,PAK,12,25.2,76.82,1828,41.66,3.69,67.7,Right-hand bat,Right-arm fast-medium
Sohail Tanvir,Sohail Tanvir,PAK,3,5.66,38.63,504,63.2,3.76,100.8,Left-hand bat,Left-arm medium-fast
Sohrawordi Shuvo,Sohrawordi Shuvo,BDESH,2,7.5,37.5,297,36.5,2.94,74.2,Left-hand bat,Slow left-arm orthodox
William Somerville,WER Somerville,NZ,6,18,24.48,1052,32.46,2.77,70.1,Right-hand bat,Right-arm offbreak
Soumya Sarkar,Soumya Sarkar,BDESH,28,29.21,58.26,442,96,3.9,147.3,Left-hand bat,Right-arm medium-fast
Tim Southee,TG Southee,NZ,106,17.37,85.84,16393,29,3.01,57.7,Right-hand bat,Right-arm medium-fast
Sreesanth,S Sreesanth,INDIA,40,10.4,52.13,5419,37.59,3.62,62.2,Right-hand bat,Right-arm fast-medium
Javagal Srinath,J Srinath,INDIA,23,10.65,47.22,3628,32.71,2.86,68.4,Right-hand bat,Right-arm fast-medium
Mitchell Starc,MA Starc,AUS,85,22.27,68.58,11753,26.97,3.36,48.1,Left-hand bat,Left-arm fast
Alec Stewart,AJ Stewart,ENG,46,38.35,51.16,-,-,-,-,Right-hand bat,Right-arm medium
Dale Steyn,DW Steyn,SA,119,13.59,44.28,18608,22.95,3.24,42.3,Right-hand bat,Right-arm fast
Paul Stirling,PR Stirling,IRE,6,17.33,58.75,12,-,5.5,-,Right-hand bat,Right-arm offbreak
Ben Stokes,BA Stokes,ENG,120,38.42,58.63,8995,31.73,3.3,57.6,Left-hand bat,Right-arm fast-medium
Olly Stone,OP Stone,ENG,2,9.5,65.51,72,9.66,2.41,24,Right-hand bat,Right-arm fast
Mark Stoneman,MD Stoneman,ENG,20,27.68,44.27,-,-,-,-,Left-hand bat,Right-arm offbreak
Bryan Strang,BC Strang,ZIM,4,13.33,60.6,546,35.5,2.34,91,Right-hand bat,Left-arm medium
Paul Strang,PA Strang,ZIM,1,-,135.71,86,-,3.62,-,Right-hand bat,Legbreak googly
Sir Andrew Strauss,AJ Strauss,ENG,178,40.91,48.91,-,-,-,-,Left-hand bat,Left-arm medium
Heath Streak,HH Streak,ZIM,50,28.9,40.73,5583,33.7,2.82,71.5,Right-hand bat,Right-arm fast-medium
Colin Stuart,CEL Stuart,WI,7,3.8,24.35,936,30,3.26,55,Right-hand bat,Right-arm fast-medium
Scott Styris,SB Styris,NZ,48,36.04,51.34,1960,50.75,3.1,98,Right-hand bat,Right-arm medium
Subashis Roy,Subashis Roy,BDESH,6,14,23.33,749,51.66,3.72,83.2,Right-hand bat,Right-arm fast-medium
Sunzamul Islam,Sunzamul Islam,BDESH,1,24,42.85,270,153,3.4,270,Left-hand bat,Slow left-arm orthodox
Graeme Swann,GP Swann,ENG,76,22.09,76.49,15349,29.96,2.98,60.1,Right-hand bat,Right-arm offbreak
Khaled Ahmed,Khaled Ahmed,BDESH,2,4,21.05,360,-,4.03,-,Right-hand bat,Right-arm medium
Syed Rasel,Syed Rasel,BDESH,12,4.62,38.94,879,47.75,3.91,73.2,Left-hand bat,Left-arm medium-fast
Andrew Symonds,A Symonds,AUS,41,40.61,64.8,2094,37.33,2.56,87.2,Right-hand bat,"Right-arm medium, Right-arm offbreak"
Tatenda Taibu,T Taibu,ZIM,54,30.31,41.42,48,27,3.37,48,Right-hand bat,Right-arm medium
Taijul Islam,Taijul Islam,BDESH,48,10.04,39.88,7048,33.17,3.21,61.8,Left-hand bat,Slow left-arm orthodox
Shaun Tait,SW Tait,AUS,5,6.66,43.47,414,60.4,4.37,82.8,Right-hand bat,Right-arm fast
Talha Jubair,Talha Jubair,BDESH,14,6.5,53.6,1090,55.07,4.24,77.8,Right-hand bat,Right-arm medium
Tamim Iqbal,Tamim Iqbal,BDESH,115,38.64,56.48,30,-,4,-,Left-hand bat,-
Tanvir Ahmed,Tanvir Ahmed,PAK,7,34,62.73,707,26.64,3.84,41.5,Right-hand bat,Right-arm fast-medium
Tapash Baisya,Tapash Baisya,BDESH,40,11.29,49.93,3370,59.36,3.8,93.6,Right-hand bat,Right-arm fast-medium
Tareq Aziz,Tareq Aziz,BDESH,6,11,14.96,360,261,4.35,360,Right-hand bat,Right-arm medium-fast
Taskin Ahmed,Taskin Ahmed,BDESH,10,6.8,40.96,930,97.42,4.4,132.8,Left-hand bat,Right-arm fast
Taufeeq Umar,Taufeeq Umar,PAK,83,37.98,44.71,78,-,3.38,-,Left-hand bat,Right-arm offbreak
Brendan Taylor,BRM Taylor,ZIM,62,35.43,53.18,42,-,5.42,-,Right-hand bat,Right-arm offbreak
Jerome Taylor,JE Taylor,WI,73,12.96,62.57,7757,34.46,3.46,59.6,Right-hand bat,Right-arm fast
Ross Taylor,LRPL Taylor,NZ,178,46.1,60,96,24,3,48,Right-hand bat,Right-arm offbreak
James Taylor,JWA Taylor,ENG,13,26,41.43,-,-,-,-,Right-hand bat,Legbreak
Sachin Tendulkar,SR Tendulkar,INDIA,204,51.65,53.84,2890,66.85,3.74,107,Right-hand bat,"Right-arm offbreak, Legbreak googly"
David Terbrugge,DJ Terbrugge,SA,3,0.66,7.4,412,24,3.84,37.4,Right-hand bat,Right-arm fast-medium
Shardul Thakur,SN Thakur,INDIA,1,-,33.33,10,-,5.4,-,Right-hand bat,Right-arm medium
Upul Tharanga,WU Tharanga,SL,58,31.89,54.6,-,-,-,-,Left-hand bat,-
Lahiru Thirimanne,HDRL Thirimanne,SL,68,22.64,37.96,84,-,3.64,-,Left-hand bat,Right-arm medium-fast
Stuart Thompson,SR Thompson,IRE,6,10.66,32.98,410,20.4,2.98,41,Left-hand bat,Right-arm medium-fast
Graham Thorpe,GP Thorpe,ENG,64,55.3,47.1,-,-,-,-,Left-hand bat,Right-arm medium
Thilan Thushara,T Thushara,SL,14,8.54,46.76,1668,37.14,3.74,59.5,Left-hand bat,Left-arm fast-medium
Hashan Tillakaratne,HP Tillakaratne,SL,40,54.24,42.88,36,-,1.83,-,Left-hand bat,Right-arm offbreak
Donald Tiripano,DT Tiripano,ZIM,20,19.93,29.48,1864,52.31,2.69,116.5,Right-hand bat,Right-arm fast-medium
Gavin Tonge,GC Tonge,WI,2,25,96.15,168,113,4.03,168,Right-hand bat,Right-arm fast-medium
James Tredwell,JC Tredwell,ENG,2,22.5,51.72,786,29.18,2.45,71.4,Left-hand bat,Right-arm offbreak
Chris Tremlett,CT Tremlett,ENG,15,10.27,37.79,2902,27,2.95,54.7,Right-hand bat,Right-arm medium-fast
Marcus Trescothick,ME Trescothick,ENG,132,44.6,55.92,210,-,3.4,-,Left-hand bat,Right-arm medium
Jonathan Trott,IJL Trott,ENG,93,44.08,47.18,708,80,3.38,141.6,Right-hand bat,Right-arm medium
Charlton Tshuma,CK Tshuma,ZIM,2,1.5,10,150,85,3.4,150,Right-hand bat,Right-arm fast-medium
Thami Tsolekile,TL Tsolekile,SA,5,9.4,26.55,-,-,-,-,Right-hand bat,Right-arm offbreak
Lonwabo Tsotsobe,LL Tsotsobe,SA,5,6.33,35.84,870,49.77,3.08,96.6,Right-hand bat,Left-arm fast-medium
Alex Tudor,AJ Tudor,ENG,10,7,26.35,1162,36.2,3.73,58.1,Right-hand bat,Right-arm fast
Daryl Tuffey,DR Tuffey,NZ,31,18.59,44.16,4439,28.7,2.87,59.9,Right-hand bat,Right-arm fast-medium
Phil Tufnell,PCR Tufnell,ENG,2,7,41.17,234,174,4.46,234,Right-hand bat,Slow left-arm orthodox
Tushar Imran,Tushar Imran,BDESH,10,8.9,33.84,60,-,4.8,-,Right-hand bat,-
Shaun Udal,SD Udal,ENG,7,18.16,50.93,596,43,3.46,74.5,Right-hand bat,Right-arm offbreak
Mahela Udawatte,ML Udawatte,SL,4,5.75,31.94,-,-,-,-,Left-hand bat,Right-arm offbreak
Umar Akmal,Umar Akmal,PAK,30,35.82,65.98,-,-,-,-,Right-hand bat,Right-arm offbreak
Umar Amin,Umar Amin,PAK,8,12.37,50,132,21,2.86,44,Left-hand bat,Right-arm medium
Umar Gul,Umar Gul,PAK,67,9.94,47.92,9599,34.06,3.47,58.8,Right-hand bat,Right-arm fast-medium
Jaydev Unadkat,JD Unadkat,INDIA,2,2,13.33,156,-,3.88,-,Right-hand bat,Left-arm medium
Eric Upashantha,KEA Upashantha,SL,2,2,19.04,48,65,8.12,48,Right-hand bat,Right-arm fast-medium
Usman Salahuddin,Usman Salahuddin,PAK,2,18.5,30.83,-,-,-,-,Right-hand bat,-
Usman Shinwari,Usman Shinwari,PAK,-,-,-,90,54,3.6,90,Right-hand bat,Left-arm medium-fast
Prosper Utseya,P Utseya,ZIM,8,15.28,46.72,753,41,3.26,75.3,Right-hand bat,Right-arm offbreak
Chaminda Vaas,WPUJC Vaas,SL,99,28.8,47.79,14053,28.48,2.77,61.6,Left-hand bat,Left-arm fast-medium
Rassie van der Dussen,HE van der Dussen,SA,8,34.25,42.15,-,-,-,-,Right-hand bat,Legbreak
Michael Vandort,MG Vandort,SL,33,36.9,47.25,-,-,-,-,Left-hand bat,Right-arm medium
Martin van Jaarsveld,M van Jaarsveld,SA,15,30.53,47.54,42,-,4,-,Right-hand bat,"Right-arm medium, Right-arm offbreak"
Kruger van Wyk,CFK van Wyk,NZ,17,21.31,49.13,-,-,-,-,Right-hand bat,-
Stiaan van Zyl,S van Zyl,SA,17,26.33,50.77,403,24.66,2.2,67.1,Left-hand bat,Right-arm medium
Michael Vaughan,MP Vaughan,ENG,134,42.76,52.6,822,77.16,3.37,137,Right-hand bat,Right-arm offbreak
Mark Vermeulen,MA Vermeulen,ZIM,18,24.94,47.76,6,-,5,-,Right-hand bat,Right-arm offbreak
Daniel Vettori,DL Vettori,ICC/NZ,127,34.18,62.45,20519,35.08,2.62,80.1,Left-hand bat,Slow left-arm orthodox
Hanuma Vihari,GH Vihari,INDIA,16,36.8,47.83,345,36,3.13,69,Right-hand bat,Right-arm offbreak
Murali Vijay,M Vijay,INDIA,105,38.28,46.29,384,198,3.09,384,Right-hand bat,Right-arm offbreak
Dane Vilas,DJ Vilas,SA,9,10.44,44.76,-,-,-,-,Right-hand bat,-
Hardus Viljoen,GC Viljoen,SA,2,26,83.87,114,94,4.94,114,Right-hand bat,Right-arm fast
Vinay Kumar,R Vinay Kumar,INDIA,2,5.5,45.83,78,73,5.61,78,Right-hand bat,Right-arm medium
James Vince,JM Vince,ENG,22,24.9,49.81,24,-,3.25,-,Right-hand bat,Right-arm medium
Lou Vincent,L Vincent,NZ,40,34.15,47.11,6,-,2,-,Right-hand bat,Right-arm medium
Kithuruwan Vithanage,KDK Vithanage,SL,16,26.42,76.44,174,133,4.58,174,Left-hand bat,Legbreak
Brian Vitori,BV Vitori,ZIM,7,10.4,61.9,833,38.66,3.34,69.4,Left-hand bat,Left-arm fast-medium
Adam Voges,AC Voges,AUS,31,61.87,55.68,76,-,3.47,-,Right-hand bat,Slow left-arm orthodox
Matthew Wade,MS Wade,AUS,55,31.3,51.31,30,-,5.6,-,Left-hand bat,Right-arm medium
Wafadar Momand,Wafadar Momand,AFG,3,6,36.36,222,77.5,4.18,111,Right-hand bat,Right-arm medium
Neil Wagner,N Wagner,NZ,63,12.5,44.88,10743,26.6,3.06,52.1,Left-hand bat,Left-arm medium-fast
Wahab Riaz,Wahab Riaz,PAK,41,8.5,42.09,5018,34.5,3.42,60.4,Right-hand bat,Left-arm fast
Brooke Walker,BGK Walker,NZ,2,15,26.78,89,48.5,6.53,44.5,Right-hand bat,Legbreak
Malcolm Waller,MN Waller,ZIM,28,21.37,50.79,456,27.25,2.86,57,Right-hand bat,Right-arm offbreak
Courtney Walsh,CA Walsh,WI,10,3.71,28.88,1822,22.25,1.97,67.4,Right-hand bat,Right-arm fast
Chadwick Walton,CAK Walton,WI,4,3.25,65,-,-,-,-,Right-hand bat,-
Waqar Salamkheil,Waqar Salamkheil,AFG,1,-,25,186,25.25,3.25,46.5,Right-hand bat,Slow left-arm chinaman
Waqar Younis,Waqar Younis,PAK,28,10.15,60.55,3005,29.05,3.48,50,Right-hand bat,Right-arm fast
Ian Ward,IJ Ward,ENG,9,16.12,40.82,-,-,-,-,Left-hand bat,Right-arm medium
Malinda Warnapura,SM Warnapura,SL,24,35.69,58.14,54,-,4.44,-,Left-hand bat,Right-arm offbreak
Shane Warne,SK Warne,AUS,82,20.01,64.26,17203,24.82,2.96,50.3,Right-hand bat,Legbreak googly
David Warner,DA Warner,AUS,155,48.94,72.85,342,67.25,4.71,85.5,Left-hand bat,Legbreak
Jomel Warrican,JA Warrican,WI,14,28.4,56.12,1546,39.63,3.38,70.2,Right-hand bat,Slow left-arm orthodox
Dwight Washington,DM Washington,WI,1,-,28,174,-,3.2,-,Right-hand bat,Right-arm fast
Wasim Akram,Wasim Akram,PAK,4,27.66,74.77,652,60.2,2.76,130.4,Left-hand bat,Left-arm fast
Brighton Watambwa,BT Watambwa,ZIM,8,3.66,18.64,931,35,3.15,66.5,Right-hand bat,Right-arm fast-medium
BJ Watling,BJ Watling,NZ,110,38.5,42.35,-,-,-,-,Right-hand bat,-
Shane Watson,SR Watson,AUS,109,35.19,52.59,5495,33.68,2.75,73.2,Right-hand bat,Right-arm fast-medium
Mark Waugh,ME Waugh,AUS,32,38.68,55.4,779,48.88,3.38,86.5,Right-hand bat,"Right-arm medium, Right-arm offbreak"
Steve Waugh,SR Waugh,AUS,52,52.13,52.07,630,88,2.51,210,Right-hand bat,Right-arm medium
Chanaka Welegedara,UWMBCA Welegedara,SL,30,9.08,51.53,3799,41.32,3.58,69,Right-hand bat,Left-arm fast-medium
Tom Westley,T Westley,ENG,9,24.12,42.6,24,-,3,-,Right-hand bat,Right-arm offbreak
Craig White,C White,ENG,28,28.08,47.78,2044,48.38,3.69,78.6,Right-hand bat,"Right-arm fast-medium, Right-arm offbreak"
Cameron White,CL White,AUS,7,29.2,44.24,558,68.4,3.67,111.6,Right-hand bat,Legbreak googly
Guy Whittall,GJ Whittall,ZIM,16,28.33,44.17,514,237,2.76,514,Right-hand bat,Right-arm medium
Pramodya Wickramasinghe,GP Wickramasinghe,SL,2,11,73.33,75,25.5,4.08,37.5,Right-hand bat,Right-arm fast-medium
Gayan Wijekoon,G Wijekoon,SL,3,12.66,40.86,114,33,3.47,57,Left-hand bat,Left-arm medium
Brad Williams,BA Williams,AUS,6,7.66,56.09,852,45.11,2.85,94.6,Right-hand bat,Right-arm fast
Stuart Williams,SC Williams,WI,5,22.75,62.32,1773,48.68,3.13,93.3,Right-hand bat,Right-arm medium
Sean Williams,SC Williams,ZIM,24,33.47,56.99,-,-,-,-,Left-hand bat,Slow left-arm orthodox
Kane Williamson,KS Williamson,NZ,140,50.99,51.63,2103,40.62,3.36,72.5,Right-hand bat,Right-arm offbreak
Charl Willoughby,CM Willoughby,SA,-,-,-,300,125,2.5,300,Left-hand bat,Left-arm fast-medium
Gary Wilson,GC Wilson,IRE,4,15,39.47,-,-,-,-,Right-hand bat,-
Paul Wiseman,PJ Wiseman,NZ,15,23,45.32,2860,55.53,3.26,102.1,Right-hand bat,Right-arm offbreak
Craig Wishart,CB Wishart,ZIM,26,29.92,54.06,-,-,-,-,Right-hand bat,Right-arm offbreak
Chris Woakes,CR Woakes,ENG,57,25.6,50.1,6110,29.4,3.06,57.6,Right-hand bat,Right-arm fast-medium
Mark Wood,MA Wood,ENG,28,18.13,67.39,2963,32.36,3.27,59.2,Right-hand bat,Right-arm fast
Jayant Yadav,J Yadav,INDIA,6,45.6,44.27,627,33.36,3.51,57,Right-hand bat,Right-arm offbreak
Umesh Yadav,UT Yadav,INDIA,52,11.33,49.85,7383,30.47,3.56,51.2,Right-hand bat,Right-arm fast
Yamin Ahmadzai,Yamin Ahmadzai,AFG,7,4.42,37.34,420,21.1,3.01,42,Right-hand bat,Right-arm medium-fast
Yasir Ali,Yasir Ali,PAK,2,-,20,120,27.5,2.75,60,Right-hand bat,Right-arm fast-medium
Yasir Arafat,Yasir Arafat,PAK,3,47,46.76,627,48.66,4.19,69.6,Right-hand bat,Right-arm fast-medium
Yasir Hameed,Yasir Hameed,PAK,49,32.41,57.61,78,-,5.53,-,Right-hand bat,"Right-arm medium, Right-arm offbreak"
Yasir Shah,Yasir Shah,PAK,58,13.59,46.23,12211,30.52,3.19,57.3,Right-hand bat,Legbreak googly
Tinu Yohannan,T Yohannan,INDIA,4,-,43.33,486,51.2,3.16,97.2,Right-hand bat,Right-arm medium-fast
Reece Young,RA Young,NZ,10,24.14,40.33,-,-,-,-,Right-hand bat,-
Younis Khan,Younis Khan,PAK,199,53.56,52.56,804,54.55,3.66,89.3,Right-hand bat,"Right-arm medium, Legbreak"
Yuvraj Singh,Yuvraj Singh,INDIA,62,33.92,57.97,931,60.77,3.52,103.4,Left-hand bat,Slow left-arm orthodox
Zahir Khan,Zahir Khan,AFG,4,0,0,222,31.6,4.27,44.4,Left-hand bat,Slow left-arm chinaman
Ziaur Rahman,Ziaur Rahman,BDESH,2,7,35,180,17.75,2.36,45,Right-hand bat,Right-arm fast-medium
Monde Zondeki,M Zondeki,SA,5,16.4,36.28,780,25.26,3.69,41,Right-hand bat,Right-arm fast
Nuwan Zoysa,DNT Zoysa,SL,22,7.27,39.93,2720,34.95,3.08,68,Left-hand bat,Left-arm fast-medium
Zubayr Hamza,Zubayr Hamza,SA,10,18.1,53.23,-,-,-,-,Right-hand bat,Legbreak
Zulfiqar Babar,Zulfiqar Babar,PAK,18,16,69.56,4478,39.42,2.85,82.9,Right-hand bat,Slow left-arm orthodox
Zulqarnain Haider,Zulqarnain Haider,PAK,2,44,43.78,-,-,-,-,Right-hand bat,-
